,molecule_chembl_id,canonical_smiles,standard_value,standard_units,target_chembl_id,target_organism,units,MW,LogP,HBA,HBD,RotatableBonds,violations,uM,pMIC_ug/mL-1,pMIC_uM,NEW_SMILES,ROMol,logP,TPSA,CSP3,NumRings,HetAtoms,RotBonds,Molecule,QED,SA,Dataset
2,CHEMBL268685,O=c1oc2cc(O)ccc2c(O)c1-c1ccc(O)cc1O,128.0,ug.mL-1,CHEMBL612399,Botrytis cinerea,ug ml-1,286.04773804,2.2823999999999995,6,4,1.0,0.0,447.1787562142127,-2.1072099696478683,-2.650481163666188,O=c1oc2cc(O)ccc2c(O)c1-c1ccc(O)cc1O,<rdkit.Chem.rdchem.Mol object at 0x7e4134c7b530>,2.2823999999999995,111.13000000000001,0.0,3,6,1,<rdkit.Chem.rdchem.Mol object at 0x7e4137853610>,0.5106223467843569,2.4352844692385354,Botrytis cinerea
3,CHEMBL250060,O=Cc1ccc(-c2ccoc2)cc1,200.0,ug.mL-1,CHEMBL612399,Botrytis cinerea,ug ml-1,172.052429496,2.759100000000001,2,0,2.0,0.0,1161.5548573320248,-2.3010299956639813,-3.065039725263247,O=Cc1ccc(-c2ccoc2)cc1,<rdkit.Chem.rdchem.Mol object at 0x7e4134c7b760>,2.759100000000001,30.21,0.0,2,2,2,<rdkit.Chem.rdchem.Mol object at 0x7e4137853450>,0.651769950435354,2.0916332722760327,Botrytis cinerea
5,CHEMBL400450,O=Cc1ccc(C2COC(=O)C2)cc1,200.0,ug.mL-1,CHEMBL612399,Botrytis cinerea,ug ml-1,190.06299418,1.5295999999999998,3,0,2.0,0.0,1051.535767989148,-2.3010299956639813,-3.0218240498003914,O=Cc1ccc(C2COC(=O)C2)cc1,<rdkit.Chem.rdchem.Mol object at 0x7e4134c7b920>,1.5295999999999998,43.370000000000005,0.2727272727272727,2,3,2,<rdkit.Chem.rdchem.Mol object at 0x7e4137853220>,0.5243352580769512,2.8248267335345734,Botrytis cinerea
6,CHEMBL467139,CC(=O)O[C@@H]1C[C@@H](C)OC(=O)CC[C@H](O)CC1=O,250.0,ug.mL-1,CHEMBL612399,Botrytis cinerea,ug ml-1,258.110338296,0.3537999999999997,6,1,1.0,0.0,967.9792465249546,-2.3979400086720375,-2.9858660461345172,CC(=O)O[C@@H]1C[C@@H](C)OC(=O)CC[C@H](O)CC1=O,<rdkit.Chem.rdchem.Mol object at 0x7e4134c822d0>,0.3537999999999997,89.9,0.75,1,6,1,<rdkit.Chem.rdchem.Mol object at 0x7e4137853370>,0.6826196080707801,4.167782331057683,Botrytis cinerea
8,CHEMBL466333,C[C@@H]1C[C@@H](O)[C@@H](O)/C=C/[C@@H]2O[C@@H]2C(=O)O1,500.0,ug.mL-1,CHEMBL612399,Botrytis cinerea,ug ml-1,214.084123548,-0.6328000000000003,5,2,0.0,0.0,2334.0817955624443,-2.6989700043360187,-3.368116071391856,C[C@@H]1C[C@@H](O)[C@@H](O)/C=C/[C@@H]2O[C@@H]2C(=O)O1,<rdkit.Chem.rdchem.Mol object at 0x7e4134c818c0>,-0.6328000000000003,79.29,0.7,2,5,0,<rdkit.Chem.rdchem.Mol object at 0x7e41378537d0>,0.31859564880162583,4.911917658359539,Botrytis cinerea
9,CHEMBL446482,CC(=O)O[C@@H]1C[C@@H](C)OC(=O)[C@H]2O[C@H]2/C=C/[C@@H]1O,62.5,ug.mL-1,CHEMBL612399,Botrytis cinerea,ug ml-1,256.094688232,-0.062,6,1,1.0,0.0,243.8986318262349,-1.7958800173440752,-2.387209364102238,CC(=O)O[C@@H]1C[C@@H](C)OC(=O)[C@H]2O[C@H]2/C=C/[C@@H]1O,<rdkit.Chem.rdchem.Mol object at 0x7e4134c82880>,-0.062,85.36,0.6666666666666666,2,6,1,<rdkit.Chem.rdchem.Mol object at 0x7e4137852500>,0.4016277189706503,4.810420856155188,Botrytis cinerea
10,CHEMBL443368,CC(=O)O[C@H]1/C=C/[C@@H]2O[C@@H]2C(=O)O[C@H](C)C[C@H]1O,500.0,ug.mL-1,CHEMBL612399,Botrytis cinerea,ug ml-1,256.094688232,-0.062000000000000444,6,1,1.0,0.0,1951.1890546098796,-2.6989700043360187,-3.290299351094182,CC(=O)O[C@H]1/C=C/[C@@H]2O[C@@H]2C(=O)O[C@H](C)C[C@H]1O,<rdkit.Chem.rdchem.Mol object at 0x7e4134c80190>,-0.062000000000000444,85.36,0.6666666666666666,2,6,1,<rdkit.Chem.rdchem.Mol object at 0x7e4137853840>,0.40162771897065025,4.869769992732896,Botrytis cinerea
11,CHEMBL455287,C[C@@H]1C[C@@H](O)[C@@H](O)/C=C/C=C\C(=O)O1,500.0,ug.mL-1,CHEMBL612399,Botrytis cinerea,ug ml-1,198.089208928,0.15600000000000003,4,2,0.0,0.0,2522.4752545177535,-2.6989700043360187,-3.401826914500978,C[C@@H]1C[C@@H](O)[C@@H](O)/C=C/C=C\C(=O)O1,<rdkit.Chem.rdchem.Mol object at 0x7e4134c81ee0>,0.15600000000000003,66.76,0.5,1,4,0,<rdkit.Chem.rdchem.Mol object at 0x7e4137852490>,0.5438669708316428,4.385055790353047,Botrytis cinerea
12,CHEMBL464321,CCC(C)CC(C)/C=C(\C)[C@H]1O[C@@H](C2=C(O)C([C@]3(O)CCC(=O)C[C@H]3O)CN(C)C2=O)CC[C@@H]1C,1.0,ug.mL-1,CHEMBL612399,Botrytis cinerea,ug ml-1,491.32468815999994,3.934000000000003,6,3,7.0,0.0,2.033888652731816,-0.0,-0.3083271733518127,CCC(C)CC(C)/C=C(\C)[C@H]1O[C@@H](C2=C(O)C([C@]3(O)CCC(=O)C[C@H]3O)CN(C)C2=O)CC[C@@H]1C,<rdkit.Chem.rdchem.Mol object at 0x7e4134c820a0>,3.934000000000003,107.29999999999998,0.7857142857142857,3,7,7,<rdkit.Chem.rdchem.Mol object at 0x7e41378525e0>,0.46592269930385066,5.247403363911535,Botrytis cinerea
13,CHEMBL455737,CC(C)[C@H]1C(=O)O[C@H](C(C)C)C(=O)N(C)[C@@H](C)C(=O)O[C@H](C(C)C)C(=O)N(C)[C@@H](C(C)C)C(=O)O[C@H](C(C)C)C(=O)N1C,100.0,ug.mL-1,CHEMBL612399,Botrytis cinerea,ug ml-1,611.378180276,2.5163000000000038,9,0,5.0,1.0,163.45825357932705,-2.0,-2.2134068545184653,CC(C)[C@H]1C(=O)O[C@H](C(C)C)C(=O)N(C)[C@@H](C)C(=O)O[C@H](C(C)C)C(=O)N(C)[C@@H](C(C)C)C(=O)O[C@H](C(C)C)C(=O)N1C,<rdkit.Chem.rdchem.Mol object at 0x7e4134c81e00>,2.5163000000000038,139.83000000000004,0.8064516129032258,1,12,5,<rdkit.Chem.rdchem.Mol object at 0x7e4137852ce0>,0.3388435211403987,5.038803534742049,Botrytis cinerea
14,CHEMBL469036,CC(C)[C@H]1C(=O)O[C@H](C(C)C)C(=O)N(C)[C@@H](C(C)C)C(=O)O[C@H](C(C)C)C(=O)N(C)[C@@H](C(C)C)C(=O)O[C@H](C(C)C)C(=O)N1C,100.0,ug.mL-1,CHEMBL612399,Botrytis cinerea,ug ml-1,639.409480404,3.1524000000000054,9,0,6.0,1.0,156.2912706636596,-2.0,-2.1939347220468672,CC(C)[C@H]1C(=O)O[C@H](C(C)C)C(=O)N(C)[C@@H](C(C)C)C(=O)O[C@H](C(C)C)C(=O)N(C)[C@@H](C(C)C)C(=O)O[C@H](C(C)C)C(=O)N1C,<rdkit.Chem.rdchem.Mol object at 0x7e4134c826c0>,3.1524000000000054,139.83000000000004,0.8181818181818182,1,12,6,<rdkit.Chem.rdchem.Mol object at 0x7e4137853530>,0.3167297688067985,4.9129828422556026,Botrytis cinerea
15,CHEMBL446988,CC(C)C[C@H]1C(=O)O[C@H](C(C)C)C(=O)N(C)[C@@H](C(C)C)C(=O)O[C@H](C(C)C)C(=O)N(C)[C@@H](C(C)C)C(=O)O[C@H](C(C)C)C(=O)N1C,100.0,ug.mL-1,CHEMBL612399,Botrytis cinerea,ug ml-1,653.4251304679999,3.542500000000004,9,0,7.0,1.0,152.93840558653403,-2.0,-2.184516558269679,CC(C)C[C@H]1C(=O)O[C@H](C(C)C)C(=O)N(C)[C@@H](C(C)C)C(=O)O[C@H](C(C)C)C(=O)N(C)[C@@H](C(C)C)C(=O)O[C@H](C(C)C)C(=O)N1C,<rdkit.Chem.rdchem.Mol object at 0x7e4134c82730>,3.542500000000004,139.83000000000004,0.8235294117647058,1,12,7,<rdkit.Chem.rdchem.Mol object at 0x7e4137853ca0>,0.29817107802506815,5.1242930452142925,Botrytis cinerea
16,CHEMBL446318,CC[C@H](C)[C@H]1C(=O)O[C@H](C(C)C)C(=O)N(C)[C@@H](C(C)C)C(=O)O[C@H](C(C)C)C(=O)N(C)[C@@H](C(C)C)C(=O)O[C@H](C(C)C)C(=O)N1C,75.0,ug.mL-1,CHEMBL612399,Botrytis cinerea,ug ml-1,653.4251304679999,3.542500000000004,9,0,7.0,1.0,114.70380418990054,-1.8750612633917,-2.059577821661379,CC[C@H](C)[C@H]1C(=O)O[C@H](C(C)C)C(=O)N(C)[C@@H](C(C)C)C(=O)O[C@H](C(C)C)C(=O)N(C)[C@@H](C(C)C)C(=O)O[C@H](C(C)C)C(=O)N1C,<rdkit.Chem.rdchem.Mol object at 0x7e4134c827a0>,3.542500000000004,139.83000000000004,0.8235294117647058,1,12,7,<rdkit.Chem.rdchem.Mol object at 0x7e4137853b50>,0.29817107802506815,5.198998576813439,Botrytis cinerea
17,CHEMBL504435,CC(C)[C@@H]1NC(=O)[C@@H](C(C)C)OC(=O)[C@H](C(C)C)N(C)C(=O)[C@@H](C(C)C)OC(=O)[C@H](C(C)C)N(C)C(=O)[C@@H](C(C)C)OC1=O,100.0,ug.mL-1,CHEMBL612399,Botrytis cinerea,ug ml-1,625.39383034,2.8102000000000036,9,1,6.0,1.0,159.79444043182843,-2.0,-2.203561665267205,CC(C)[C@@H]1NC(=O)[C@@H](C(C)C)OC(=O)[C@H](C(C)C)N(C)C(=O)[C@@H](C(C)C)OC(=O)[C@H](C(C)C)N(C)C(=O)[C@@H](C(C)C)OC1=O,<rdkit.Chem.rdchem.Mol object at 0x7e4134c823b0>,2.8102000000000036,148.62,0.8125,1,12,6,<rdkit.Chem.rdchem.Mol object at 0x7e4137853df0>,0.34743187177883694,5.131645835830736,Botrytis cinerea
18,CHEMBL505058,CC[C@H]1C(=O)O[C@H](C(C)C)C(=O)N(C)[C@@H](C(C)C)C(=O)O[C@H](C(C)C)C(=O)N(C)[C@@H](C(C)C)C(=O)O[C@H](C(C)C)C(=O)N1C,100.0,ug.mL-1,CHEMBL612399,Botrytis cinerea,ug ml-1,625.3938303399999,2.906400000000005,9,0,6.0,1.0,159.79444043182846,-2.0,-2.203561665267205,CC[C@H]1C(=O)O[C@H](C(C)C)C(=O)N(C)[C@@H](C(C)C)C(=O)O[C@H](C(C)C)C(=O)N(C)[C@@H](C(C)C)C(=O)O[C@H](C(C)C)C(=O)N1C,<rdkit.Chem.rdchem.Mol object at 0x7e4134c82570>,2.906400000000005,139.83000000000004,0.8125,1,12,6,<rdkit.Chem.rdchem.Mol object at 0x7e4137852420>,0.3219604109186677,5.112772192957717,Botrytis cinerea
20,CHEMBL513635,CCC(C)C(=O)C(Cc1c[nH]c2ccccc12)OC(C)=O,100.0,ug.mL-1,CHEMBL612399,Botrytis cinerea,ug ml-1,287.152143532,3.2573000000000016,3,1,6.0,0.0,347.99675667022774,-2.0,-2.5415751963408715,CCC(C)C(=O)C(Cc1c[nH]c2ccccc12)OC(C)=O,<rdkit.Chem.rdchem.Mol object at 0x7e4134c82500>,3.2573000000000016,59.160000000000004,0.4117647058823529,2,4,6,<rdkit.Chem.rdchem.Mol object at 0x7e4137864040>,0.8295651710699878,3.12540381927478,Botrytis cinerea
21,CHEMBL445987,CC(C)C(=O)C(O)Cc1c[nH]c2ccccc12,12.0,ug.mL-1,CHEMBL612399,Botrytis cinerea,ug ml-1,231.125928784,2.2964,2,2,4.0,0.0,51.881795974837324,-1.0791812460476249,-1.7150150014995742,CC(C)C(=O)C(O)Cc1c[nH]c2ccccc12,<rdkit.Chem.rdchem.Mol object at 0x7e4134c82030>,2.2964,53.089999999999996,0.35714285714285715,2,3,4,<rdkit.Chem.rdchem.Mol object at 0x7e4137864ac0>,0.8478980043263799,2.694518588930128,Botrytis cinerea
22,CHEMBL462735,CCC(C)C(=O)C(O)Cc1c[nH]c2ccccc12,12.0,ug.mL-1,CHEMBL612399,Botrytis cinerea,ug ml-1,245.141578848,2.6865000000000006,2,2,5.0,0.0,48.915303152591285,-1.0791812460476249,-1.6894447494100302,CCC(C)C(=O)C(O)Cc1c[nH]c2ccccc12,<rdkit.Chem.rdchem.Mol object at 0x7e4134c81d90>,2.6865000000000006,53.089999999999996,0.4,2,3,5,<rdkit.Chem.rdchem.Mol object at 0x7e4137864350>,0.8505612764466551,3.015384855603754,Botrytis cinerea
23,CHEMBL501839,CC(=O)OC(Cc1c[nH]c2ccccc12)C(=O)C(C)C,100.0,ug.mL-1,CHEMBL612399,Botrytis cinerea,ug ml-1,273.136493468,2.8672000000000013,3,1,5.0,0.0,365.85544319728393,-2.0,-2.5633095208507806,CC(=O)OC(Cc1c[nH]c2ccccc12)C(=O)C(C)C,<rdkit.Chem.rdchem.Mol object at 0x7e4134c829d0>,2.8672000000000013,59.160000000000004,0.375,2,4,5,<rdkit.Chem.rdchem.Mol object at 0x7e4137864120>,0.8520908106740639,2.8121648802968107,Botrytis cinerea
24,CHEMBL448235,CSC(CC(=O)c1ccccc1N)C(=O)O,50.0,ug.mL-1,CHEMBL612399,Botrytis cinerea,ug ml-1,239.061614276,1.6578,4,2,5.0,0.0,208.9462423107783,-1.6989700043360187,-2.320034565197912,CSC(CC(=O)c1ccccc1N)C(=O)O,<rdkit.Chem.rdchem.Mol object at 0x7e4134c82a40>,1.6578,80.39,0.2727272727272727,1,5,5,<rdkit.Chem.rdchem.Mol object at 0x7e4137864200>,0.6030085861171773,2.826432226053022,Botrytis cinerea
25,CHEMBL91,Clc1ccc(COC(Cn2ccnc2)c2ccc(Cl)cc2Cl)c(Cl)c1,10.0,ug.mL-1,CHEMBL612399,Botrytis cinerea,ug ml-1,413.98602378799995,6.454800000000002,3,0,6.0,1.0,24.03066312614896,-1.0,-1.3807657553254853,Clc1ccc(COC(Cn2ccnc2)c2ccc(Cl)cc2Cl)c(Cl)c1,<rdkit.Chem.rdchem.Mol object at 0x7e4134c82ab0>,6.454800000000002,27.05,0.16666666666666666,3,7,6,<rdkit.Chem.rdchem.Mol object at 0x7e41378642e0>,0.4616906207935435,2.863391143499035,Botrytis cinerea
27,CHEMBL511197,COc1cc(O)cc(-c2cc3c(O)cccc3o2)c1,200.0,ug.mL-1,CHEMBL612399,Botrytis cinerea,ug ml-1,256.073558864,3.5196000000000014,4,2,2.0,0.0,780.4664848179757,-2.3010299956639813,-2.892354258108068,COc1cc(O)cc(-c2cc3c(O)cccc3o2)c1,<rdkit.Chem.rdchem.Mol object at 0x7e4134c82b20>,3.5196000000000014,62.83,0.06666666666666667,3,4,2,<rdkit.Chem.rdchem.Mol object at 0x7e41378649e0>,0.7359721218757089,2.231351507627082,Botrytis cinerea
28,CHEMBL464662,Cc1c(O)cc(CCc2ccccc2)cc1O,200.0,ug.mL-1,CHEMBL612399,Botrytis cinerea,ug ml-1,228.115029752,3.191420000000002,2,2,3.0,0.0,876.0748343123469,-2.3010299956639813,-2.9425412051872466,Cc1c(O)cc(CCc2ccccc2)cc1O,<rdkit.Chem.rdchem.Mol object at 0x7e4134c82b90>,3.191420000000002,40.46,0.2,2,2,3,<rdkit.Chem.rdchem.Mol object at 0x7e41378645f0>,0.8465762380572,1.879260812609786,Botrytis cinerea
29,CHEMBL449756,COc1cc(-c2cc3c(O)cccc3o2)c(C)c(O)c1C,200.0,ug.mL-1,CHEMBL612399,Botrytis cinerea,ug ml-1,284.104858992,4.136440000000001,4,2,2.0,0.0,703.4550193274266,-2.3010299956639813,-2.847236332783655,COc1cc(-c2cc3c(O)cccc3o2)c(C)c(O)c1C,<rdkit.Chem.rdchem.Mol object at 0x7e4134c82c00>,4.136440000000001,62.83,0.17647058823529413,3,4,2,<rdkit.Chem.rdchem.Mol object at 0x7e41378647b0>,0.7421575312575188,2.4614250527929116,Botrytis cinerea
30,CHEMBL462853,Cc1c(O)cc(-c2cc3ccccc3o2)cc1O,200.0,ug.mL-1,CHEMBL612399,Botrytis cinerea,ug ml-1,240.078644244,3.8194200000000014,3,2,1.0,0.0,832.4384619866976,-2.3010299956639813,-2.9203521381454136,Cc1c(O)cc(-c2cc3ccccc3o2)cc1O,<rdkit.Chem.rdchem.Mol object at 0x7e4134c82c70>,3.8194200000000014,53.60000000000001,0.06666666666666667,3,3,1,<rdkit.Chem.rdchem.Mol object at 0x7e4137864c80>,0.6794448518802955,2.191957507439879,Botrytis cinerea
31,CHEMBL513285,COc1cc(-c2cc3c(O)cccc3o2)c(C)c(OC)c1C,200.0,ug.mL-1,CHEMBL612399,Botrytis cinerea,ug ml-1,298.120509056,4.439440000000002,4,1,3.0,0.0,670.3805750524571,-2.3010299956639813,-2.8263214216876276,COc1cc(-c2cc3c(O)cccc3o2)c(C)c(OC)c1C,<rdkit.Chem.rdchem.Mol object at 0x7e4134c82ce0>,4.439440000000002,51.83,0.2222222222222222,3,4,3,<rdkit.Chem.rdchem.Mol object at 0x7e4137864d60>,0.776365101592563,2.425451478246025,Botrytis cinerea
32,CHEMBL462851,COc1c(C)c(O)c(C)c(-c2cc3c(O)cccc3o2)c1C,200.0,ug.mL-1,CHEMBL612399,Botrytis cinerea,ug ml-1,298.120509056,4.444860000000002,4,2,2.0,0.0,670.3805750524572,-2.3010299956639813,-2.8263214216876276,COc1c(C)c(O)c(C)c(-c2cc3c(O)cccc3o2)c1C,<rdkit.Chem.rdchem.Mol object at 0x7e4134c82d50>,4.444860000000002,62.83,0.2222222222222222,3,4,2,<rdkit.Chem.rdchem.Mol object at 0x7e4137864e40>,0.7336327027184752,2.6059479725713732,Botrytis cinerea
33,CHEMBL513458,COc1cc(-c2cc3c(O)c(C)ccc3o2)c(C)c(O)c1C,200.0,ug.mL-1,CHEMBL612399,Botrytis cinerea,ug ml-1,298.120509056,4.444860000000003,4,2,2.0,0.0,670.3805750524572,-2.3010299956639813,-2.8263214216876276,COc1cc(-c2cc3c(O)c(C)ccc3o2)c(C)c(O)c1C,<rdkit.Chem.rdchem.Mol object at 0x7e4134c82dc0>,4.444860000000003,62.83,0.2222222222222222,3,4,2,<rdkit.Chem.rdchem.Mol object at 0x7e4137864f20>,0.7336327027184752,2.5376102802636797,Botrytis cinerea
34,CHEMBL462852,COc1ccccc1CCc1cc(O)c(C)c(O)c1,200.0,ug.mL-1,CHEMBL612399,Botrytis cinerea,ug ml-1,258.12559443600003,3.200020000000002,3,2,4.0,0.0,774.2425004935798,-2.3010299956639813,-2.8888770073642727,COc1ccccc1CCc1cc(O)c(C)c(O)c1,<rdkit.Chem.rdchem.Mol object at 0x7e4134c82e30>,3.200020000000002,49.69,0.25,2,3,4,<rdkit.Chem.rdchem.Mol object at 0x7e4137865000>,0.885024125633512,2.0138858085462896,Botrytis cinerea
35,CHEMBL1173076,COc1ccc2c(c1O)CCc1cc(O)c(C)c3c1C2CC(C)(C)O3,200.0,ug.mL-1,CHEMBL612399,Botrytis cinerea,ug ml-1,340.16745924799994,4.206420000000004,4,2,1.0,0.0,587.5112728725481,-2.3010299956639813,-2.769016204049091,COc1ccc2c(c1O)CCc1cc(O)c(C)c3c1C2CC(C)(C)O3,<rdkit.Chem.rdchem.Mol object at 0x7e4134c82ea0>,4.206420000000004,58.92,0.42857142857142855,4,4,1,<rdkit.Chem.rdchem.Mol object at 0x7e41378650e0>,0.8164620022021527,3.360510828835131,Botrytis cinerea
36,CHEMBL464899,COc1ccccc1CCc1cc(O)cc(O)c1,200.0,ug.mL-1,CHEMBL612399,Botrytis cinerea,ug ml-1,244.109944372,2.8916000000000013,3,2,4.0,0.0,818.6990871505178,-2.3010299956639813,-2.9131243061514818,COc1ccccc1CCc1cc(O)cc(O)c1,<rdkit.Chem.rdchem.Mol object at 0x7e4134c82f10>,2.8916000000000013,49.69,0.2,2,3,4,<rdkit.Chem.rdchem.Mol object at 0x7e41378651c0>,0.869038606507593,1.914670629611825,Botrytis cinerea
37,CHEMBL327919,CCCCNC(=O)n1c(NC(=O)OC)nc2ccccc21,200.0,ug.mL-1,CHEMBL612399,Botrytis cinerea,ug ml-1,290.13789043599996,2.572400000000001,5,2,4.0,0.0,688.8878938285978,-2.3010299956639813,-2.8381485527451304,CCCCNC(=O)n1c(NC(=O)OC)nc2ccccc21,<rdkit.Chem.rdchem.Mol object at 0x7e4134c82f80>,2.572400000000001,85.25,0.35714285714285715,2,7,4,<rdkit.Chem.rdchem.Mol object at 0x7e41378652a0>,0.847401444528972,2.306021195399575,Botrytis cinerea
38,CHEMBL1957727,CN1CC2=C(C(=O)c3ccccc3C2=O)C12C(=O)Nc1ccccc12,125.0,ug.mL-1,CHEMBL612399,Botrytis cinerea,ug ml-1,330.100442308,2.1552,4,1,0.0,0.0,378.3945777570585,-2.0969100130080562,-2.577944904508135,CN1CC2=C(C(=O)c3ccccc3C2=O)C12C(=O)Nc1ccccc12,<rdkit.Chem.rdchem.Mol object at 0x7e4134c82ff0>,2.1552,66.48,0.15,5,5,0,<rdkit.Chem.rdchem.Mol object at 0x7e4137865380>,0.8037307076955255,3.6954929143100506,Botrytis cinerea
39,CHEMBL1957738,CC(=O)N1C(=O)C2(C3=C(CN2C)C(=O)c2ccccc2C3=O)c2ccccc21,125.0,ug.mL-1,CHEMBL612399,Botrytis cinerea,ug ml-1,372.111006992,2.0961999999999996,5,0,0.0,0.0,335.6786078736773,-2.0969100130080562,-2.5259236654111232,CC(=O)N1C(=O)C2(C3=C(CN2C)C(=O)c2ccccc2C3=O)c2ccccc21,<rdkit.Chem.rdchem.Mol object at 0x7e4134c83060>,2.0961999999999996,74.76,0.18181818181818182,5,6,0,<rdkit.Chem.rdchem.Mol object at 0x7e4137865460>,0.7079906105538446,3.756740905436292,Botrytis cinerea
40,CHEMBL1957728,Cc1ccc2c(c1)C1(C(=O)N2)C2=C(CN1C)C(=O)c1ccccc1C2=O,250.0,ug.mL-1,CHEMBL612399,Botrytis cinerea,ug ml-1,344.11609237199997,2.4636200000000006,4,1,0.0,0.0,725.9633533699218,-2.3979400086720375,-2.86091469806797,Cc1ccc2c(c1)C1(C(=O)N2)C2=C(CN1C)C(=O)c1ccccc1C2=O,<rdkit.Chem.rdchem.Mol object at 0x7e4134c830d0>,2.4636200000000006,66.48,0.19047619047619047,5,5,0,<rdkit.Chem.rdchem.Mol object at 0x7e4137865540>,0.797228039683976,3.739371563862968,Botrytis cinerea
41,CHEMBL1957719,CN1C(=O)C2(C3=C(CN2C)C(=O)c2ccccc2C3=O)c2ccccc21,250.0,ug.mL-1,CHEMBL612399,Botrytis cinerea,ug ml-1,344.116092372,2.1795,4,0,0.0,0.0,725.9633533699218,-2.3979400086720375,-2.86091469806797,CN1C(=O)C2(C3=C(CN2C)C(=O)c2ccccc2C3=O)c2ccccc21,<rdkit.Chem.rdchem.Mol object at 0x7e4134c83140>,2.1795,57.690000000000005,0.19047619047619047,5,5,0,<rdkit.Chem.rdchem.Mol object at 0x7e4137865620>,0.7350147982974393,3.6317414268766672,Botrytis cinerea
42,CHEMBL1957729,C#CCN1C(=O)C2(C3=C(CN2C)C(=O)c2ccccc2C3=O)c2ccccc21,250.0,ug.mL-1,CHEMBL612399,Botrytis cinerea,ug ml-1,368.11609237199997,2.1829,4,0,1.0,0.0,678.6249429955046,-2.3979400086720375,-2.8316298181830013,C#CCN1C(=O)C2(C3=C(CN2C)C(=O)c2ccccc2C3=O)c2ccccc21,<rdkit.Chem.rdchem.Mol object at 0x7e4134c831b0>,2.1829,57.690000000000005,0.17391304347826086,5,5,1,<rdkit.Chem.rdchem.Mol object at 0x7e4137865700>,0.7243218189939284,3.839220502470222,Botrytis cinerea
43,CHEMBL1957733,CN1CC2=C(C(=O)c3ccccc3C2=O)C12C(=O)Nc1ccc(Br)cc12,250.0,ug.mL-1,CHEMBL612399,Botrytis cinerea,ug ml-1,408.0109543760001,2.917700000000001,4,1,0.0,0.0,610.8899689423539,-2.3979400086720375,-2.7859629939014474,CN1CC2=C(C(=O)c3ccccc3C2=O)C12C(=O)Nc1ccc(Br)cc12,<rdkit.Chem.rdchem.Mol object at 0x7e4134c83220>,2.917700000000001,66.48,0.15,5,6,0,<rdkit.Chem.rdchem.Mol object at 0x7e41378657e0>,0.7270019764099774,3.7944868431042744,Botrytis cinerea
44,CHEMBL1957734,CN1CC2=C(C(=O)c3ccccc3C2=O)C12C(=O)Nc1ccc(I)cc12,250.0,ug.mL-1,CHEMBL612399,Botrytis cinerea,ug ml-1,455.99709027600005,2.7598000000000003,4,1,0.0,0.0,547.9584165316862,-2.3979400086720375,-2.7387476019952115,CN1CC2=C(C(=O)c3ccccc3C2=O)C12C(=O)Nc1ccc(I)cc12,<rdkit.Chem.rdchem.Mol object at 0x7e4134c83290>,2.7598000000000003,66.48,0.15,5,6,0,<rdkit.Chem.rdchem.Mol object at 0x7e41378658c0>,0.6198689705366813,3.898776832566867,Botrytis cinerea
45,CHEMBL1957735,Cc1ccc2c(c1)C1(C(=O)N2C)C2=C(CN1C)C(=O)c1ccccc1C2=O,250.0,ug.mL-1,CHEMBL612399,Botrytis cinerea,ug ml-1,358.13174243599997,2.487920000000001,4,0,0.0,0.0,697.5504817283626,-2.3979400086720375,-2.8435756429746357,Cc1ccc2c(c1)C1(C(=O)N2C)C2=C(CN1C)C(=O)c1ccccc1C2=O,<rdkit.Chem.rdchem.Mol object at 0x7e4134c83300>,2.487920000000001,57.690000000000005,0.22727272727272727,5,5,0,<rdkit.Chem.rdchem.Mol object at 0x7e41378659a0>,0.7260400656714148,3.7047481036767387,Botrytis cinerea
46,CHEMBL1957720,CCN1C(=O)C2(C3=C(CN2C)C(=O)c2ccccc2C3=O)c2ccccc21,500.0,ug.mL-1,CHEMBL612399,Botrytis cinerea,ug ml-1,358.13174243599997,2.5696000000000003,4,0,1.0,0.0,1395.100963456725,-2.6989700043360187,-3.144605638638617,CCN1C(=O)C2(C3=C(CN2C)C(=O)c2ccccc2C3=O)c2ccccc21,<rdkit.Chem.rdchem.Mol object at 0x7e4134c83370>,2.5696000000000003,57.690000000000005,0.22727272727272727,5,5,1,<rdkit.Chem.rdchem.Mol object at 0x7e4137865a80>,0.7862114357571062,3.6268995125836216,Botrytis cinerea
47,CHEMBL1957736,CCCCN1C(=O)C2(C3=C(CN2C)C(=O)c2ccccc2C3=O)c2ccccc21,500.0,ug.mL-1,CHEMBL612399,Botrytis cinerea,ug ml-1,386.16304256399997,3.349800000000002,4,0,3.0,0.0,1293.8250903736823,-2.6989700043360187,-3.111875568898443,CCCCN1C(=O)C2(C3=C(CN2C)C(=O)c2ccccc2C3=O)c2ccccc21,<rdkit.Chem.rdchem.Mol object at 0x7e4134c833e0>,3.349800000000002,57.690000000000005,0.2916666666666667,5,5,3,<rdkit.Chem.rdchem.Mol object at 0x7e4137865b60>,0.8118101821126066,3.620555678744558,Botrytis cinerea
48,CHEMBL1957737,CCCCCCN1C(=O)C2(C3=C(CN2C)C(=O)c2ccccc2C3=O)c2ccccc21,500.0,ug.mL-1,CHEMBL612399,Botrytis cinerea,ug ml-1,414.19434269199996,4.1300000000000034,4,0,5.0,0.0,1206.2580668508217,-2.6989700043360187,-3.081440230705908,CCCCCCN1C(=O)C2(C3=C(CN2C)C(=O)c2ccccc2C3=O)c2ccccc21,<rdkit.Chem.rdchem.Mol object at 0x7e4134c83450>,4.1300000000000034,57.690000000000005,0.34615384615384615,5,5,5,<rdkit.Chem.rdchem.Mol object at 0x7e4137865c40>,0.6905907562808664,3.6245250552313237,Botrytis cinerea
49,CHEMBL157101,CC(=O)N1CCN(c2ccc(OCC3COC(Cn4ccnc4)(c4ccc(Cl)cc4Cl)O3)cc2)CC1,25.0,ug.mL-1,CHEMBL612399,Botrytis cinerea,ug ml-1,530.148760736,4.205800000000003,7,0,7.0,1.0,47.041999096793624,-1.3979400086720377,-1.6724857692385446,CC(=O)N1CCN(c2ccc(OCC3COC(Cn4ccnc4)(c4ccc(Cl)cc4Cl)O3)cc2)CC1,<rdkit.Chem.rdchem.Mol object at 0x7e4134c834c0>,4.205800000000003,69.06,0.38461538461538464,5,10,7,<rdkit.Chem.rdchem.Mol object at 0x7e4137865d20>,0.45541449702144693,3.4373369828621243,Botrytis cinerea
51,CHEMBL2229450,C=C(C)[C@@H]1Cc2cc3c(cc2O1)OC[C@@]1(O)c2ccc(O)cc2O[C@@H]31,750.0,ug.mL-1,CHEMBL612399,Botrytis cinerea,ug ml-1,338.115423676,2.985500000000002,5,2,1.0,0.0,2216.5806140814934,-2.8750612633917,-3.345683530633824,C=C(C)[C@@H]1Cc2cc3c(cc2O1)OC[C@@]1(O)c2ccc(O)cc2O[C@@H]31,<rdkit.Chem.rdchem.Mol object at 0x7e4134c83530>,2.985500000000002,68.15,0.3,5,5,1,<rdkit.Chem.rdchem.Mol object at 0x7e4137865e00>,0.7826081572385633,4.1041572696729975,Botrytis cinerea
52,CHEMBL2229451,CC1(C)C=Cc2cc3c(cc2O1)OC[C@@]1(O)c2ccc(O)cc2O[C@@H]31,750.0,ug.mL-1,CHEMBL612399,Botrytis cinerea,ug ml-1,338.115423676,3.2901000000000016,5,2,0.0,0.0,2216.5806140814934,-2.8750612633917,-3.345683530633824,CC1(C)C=Cc2cc3c(cc2O1)OC[C@@]1(O)c2ccc(O)cc2O[C@@H]31,<rdkit.Chem.rdchem.Mol object at 0x7e4134c835a0>,3.2901000000000016,68.15,0.3,5,5,0,<rdkit.Chem.rdchem.Mol object at 0x7e4137865ee0>,0.7714141093353439,4.0010433960160015,Botrytis cinerea
53,CHEMBL1774987,CC1(C)C=Cc2c(ccc3c2OC[C@@]2(O)c4ccc(O)cc4O[C@@H]32)O1,750.0,ug.mL-1,CHEMBL612399,Botrytis cinerea,ug ml-1,338.1154236759999,3.2901000000000016,5,2,0.0,0.0,2216.5806140814934,-2.8750612633917,-3.345683530633824,CC1(C)C=Cc2c(ccc3c2OC[C@@]2(O)c4ccc(O)cc4O[C@@H]32)O1,<rdkit.Chem.rdchem.Mol object at 0x7e4134c83610>,3.2901000000000016,68.15,0.3,5,5,0,<rdkit.Chem.rdchem.Mol object at 0x7e4137865fc0>,0.7714141093353439,4.025272215084257,Botrytis cinerea
54,CHEMBL244877,Cc1cc(O)no1,12.5,ug.mL-1,CHEMBL612399,Botrytis cinerea,ug ml-1,99.0320284,0.6886199999999998,3,1,0.0,0.0,126.14921938863041,-1.0969100130080565,-2.1008845674476544,Cc1cc(O)no1,<rdkit.Chem.rdchem.Mol object at 0x7e4134c83680>,0.6886199999999998,46.260000000000005,0.25,1,3,0,<rdkit.Chem.rdchem.Mol object at 0x7e41378660a0>,0.5200553624599652,2.9459215622325807,Botrytis cinerea
55,CHEMBL70971,COC(=O)Nc1nc2ccccc2[nH]1,12.5,ug.mL-1,CHEMBL612399,Botrytis cinerea,ug ml-1,191.069476528,1.7411999999999996,3,2,1.0,0.0,65.37998849312201,-1.0969100130080565,-1.815444839808528,COC(=O)Nc1nc2ccccc2[nH]1,<rdkit.Chem.rdchem.Mol object at 0x7e4134c836f0>,1.7411999999999996,67.00999999999999,0.1111111111111111,2,5,1,<rdkit.Chem.rdchem.Mol object at 0x7e4137866180>,0.720984649471693,1.9665140472306,Botrytis cinerea
57,CHEMBL448359,O=C1CCC(O)c2cccc(O)c21,12.5,ug.mL-1,CHEMBL612399,Botrytis cinerea,ug ml-1,178.06299418,1.4021,3,2,0.0,0.0,70.1510211182634,-1.0969100130080565,-1.8460339970008663,O=C1CCC(O)c2cccc(O)c21,<rdkit.Chem.rdchem.Mol object at 0x7e4134c83760>,1.4021,57.53,0.3,2,3,0,<rdkit.Chem.rdchem.Mol object at 0x7e4137866260>,0.6309545189549476,2.8649582055435694,Botrytis cinerea
58,CHEMBL2229124,C[C@@H]1C(=O)N2c3ccccc3[C@@]3(O)C[C@H](n4cnc5ccccc5c4=O)C(=O)N1[C@H]23,25.0,ug.mL-1,CHEMBL612399,Botrytis cinerea,ug ml-1,402.13280505599994,1.1324999999999998,6,1,1.0,0.0,62.1256927014736,-1.3979400086720377,-1.7932712441518581,C[C@@H]1C(=O)N2c3ccccc3[C@@]3(O)C[C@H](n4cnc5ccccc5c4=O)C(=O)N1[C@H]23,<rdkit.Chem.rdchem.Mol object at 0x7e4134c837d0>,1.1324999999999998,95.74,0.2727272727272727,6,8,1,<rdkit.Chem.rdchem.Mol object at 0x7e4137866340>,0.6584806430594351,4.01883847313105,Botrytis cinerea
59,CHEMBL2229121,C[C@@H]1N[C@H]2N(C1=O)c1ccccc1[C@@]2(O)C[C@@H]1C(=O)N[C@](C)(O)c2nc3ccccc3c(=O)n21,12.5,ug.mL-1,CHEMBL612399,Botrytis cinerea,ug ml-1,461.169918836,0.17469999999999997,8,4,2.0,0.0,27.08688171483797,-1.0969100130080565,-1.432759011235168,C[C@@H]1N[C@H]2N(C1=O)c1ccccc1[C@@]2(O)C[C@@H]1C(=O)N[C@](C)(O)c2nc3ccccc3c(=O)n21,<rdkit.Chem.rdchem.Mol object at 0x7e4134c83840>,0.17469999999999997,136.79000000000002,0.3333333333333333,6,10,2,<rdkit.Chem.rdchem.Mol object at 0x7e4137866420>,0.42718544918976564,4.548712945180936,Botrytis cinerea
60,CHEMBL2229120,C[C@@H]1N[C@H]2N(C1=O)c1ccccc1[C@@]2(O)C[C@@H]1C(=O)N[C@@H](C)c2nc3ccccc3c(=O)n21,12.5,ug.mL-1,CHEMBL612399,Botrytis cinerea,ug ml-1,445.17500421600005,1.0706999999999995,7,3,2.0,0.0,28.059684070405105,-1.0969100130080565,-1.4480827769114377,C[C@@H]1N[C@H]2N(C1=O)c1ccccc1[C@@]2(O)C[C@@H]1C(=O)N[C@@H](C)c2nc3ccccc3c(=O)n21,<rdkit.Chem.rdchem.Mol object at 0x7e4134c838b0>,1.0706999999999995,116.56000000000003,0.3333333333333333,6,9,2,<rdkit.Chem.rdchem.Mol object at 0x7e4137866500>,0.5434700333250064,4.3628881861278295,Botrytis cinerea
61,CHEMBL2229119,C[C@H]1C(=O)N2c3ccccc3[C@@]3(O)C[C@@H]4C(=O)N[C@](C)(c5nc6ccccc6c(=O)n54)N1[C@@H]23,25.0,ug.mL-1,CHEMBL612399,Botrytis cinerea,ug ml-1,443.1593541520001,0.9083999999999999,7,2,0.0,0.0,56.374488965257505,-1.3979400086720377,-1.7510826180243821,C[C@H]1C(=O)N2c3ccccc3[C@@]3(O)C[C@@H]4C(=O)N[C@](C)(c5nc6ccccc6c(=O)n54)N1[C@@H]23,<rdkit.Chem.rdchem.Mol object at 0x7e4134c83920>,0.9083999999999999,107.77,0.3333333333333333,8,9,0,<rdkit.Chem.rdchem.Mol object at 0x7e41378665e0>,0.5348761264698385,5.173151362637933,Botrytis cinerea
62,CHEMBL2229118,C[C@H]1NC(=O)[C@@H](Cc2c[nH]c3ccccc23)n2c1nc1ccccc1c2=O,12.5,ug.mL-1,CHEMBL612399,Botrytis cinerea,ug ml-1,358.142975816,2.852400000000001,4,2,2.0,0.0,34.87713482942289,-1.0969100130080565,-1.542540800260502,C[C@H]1NC(=O)[C@@H](Cc2c[nH]c3ccccc23)n2c1nc1ccccc1c2=O,<rdkit.Chem.rdchem.Mol object at 0x7e4134c83990>,2.852400000000001,79.78,0.19047619047619047,5,6,2,<rdkit.Chem.rdchem.Mol object at 0x7e41378666c0>,0.5782003052615038,3.208548290858146,Botrytis cinerea
63,CHEMBL2229117,C[C@@H]1NC(=O)[C@@H](Cc2c[nH]c3ccccc23)n2c1nc1ccccc1c2=O,12.5,ug.mL-1,CHEMBL612399,Botrytis cinerea,ug ml-1,358.142975816,2.852400000000001,4,2,2.0,0.0,34.87713482942289,-1.0969100130080565,-1.542540800260502,C[C@@H]1NC(=O)[C@@H](Cc2c[nH]c3ccccc23)n2c1nc1ccccc1c2=O,<rdkit.Chem.rdchem.Mol object at 0x7e4134c83a00>,2.852400000000001,79.78,0.19047619047619047,5,6,2,<rdkit.Chem.rdchem.Mol object at 0x7e41378667a0>,0.5782003052615038,3.208548290858146,Botrytis cinerea
64,CHEMBL463268,COc1ccc2c3c4n(c2c1)[C@H](C=C(C)C)OOC(C)(C)C[C@@H]4N1C(=O)[C@@H]2CCCN2C(=O)[C@]1(O)[C@H]3O,6.25,ug.mL-1,CHEMBL612399,Botrytis cinerea,ug ml-1,511.23185039599997,2.8551000000000015,8,2,2.0,1.0,12.217172457606402,-0.7958800173440752,-1.0869707044212267,COc1ccc2c3c4n(c2c1)[C@H](C=C(C)C)OOC(C)(C)C[C@@H]4N1C(=O)[C@@H]2CCCN2C(=O)[C@]1(O)[C@H]3O,<rdkit.Chem.rdchem.Mol object at 0x7e4134c83a70>,2.8551000000000015,113.70000000000002,0.5555555555555556,6,10,2,<rdkit.Chem.rdchem.Mol object at 0x7e4137866880>,0.4708616168201852,5.011076503974426,Botrytis cinerea
65,CHEMBL1089482,COc1ccc2c3c(n(CC=C(C)C)c2c1)[C@H](C=C(C)C)N1C[C@@H]2CCCN2C[C@@]1(O)[C@H]3O,6.25,ug.mL-1,CHEMBL612399,Botrytis cinerea,ug ml-1,451.283492044,4.139000000000005,6,2,4.0,0.0,13.839344037235577,-0.7958800173440752,-1.141115505744997,COc1ccc2c3c(n(CC=C(C)C)c2c1)[C@H](C=C(C)C)N1C[C@@H]2CCCN2C[C@@]1(O)[C@H]3O,<rdkit.Chem.rdchem.Mol object at 0x7e4134c83ae0>,4.139000000000005,61.10000000000001,0.5555555555555556,5,6,4,<rdkit.Chem.rdchem.Mol object at 0x7e4137866960>,0.6845033976470746,4.546604195214547,Botrytis cinerea
66,CHEMBL2229116,COc1ccc2c3c([nH]c2c1)[C@H](CC(C)(C)O)N1C(=O)[C@@H]2CCCN2C(=O)[C@@]1(O)[C@H]3OC,6.25,ug.mL-1,CHEMBL612399,Botrytis cinerea,ug ml-1,443.205635648,1.6014999999999997,6,3,4.0,0.0,14.092446448703486,-0.7958800173440752,-1.1489863931763298,COc1ccc2c3c([nH]c2c1)[C@H](CC(C)(C)O)N1C(=O)[C@@H]2CCCN2C(=O)[C@@]1(O)[C@H]3OC,<rdkit.Chem.rdchem.Mol object at 0x7e4134c83b50>,1.6014999999999997,115.33000000000001,0.5652173913043478,5,9,4,<rdkit.Chem.rdchem.Mol object at 0x7e4137866a40>,0.6612941511865292,4.416474405742313,Botrytis cinerea
67,CHEMBL2229115,COc1ccc2c3c([nH]c2c1)[C@H](CC(C)(C)O)N1C(=O)[C@@H]2CCCN2C(=O)[C@@]1(O)[C@H]3O,25.0,ug.mL-1,CHEMBL612399,Botrytis cinerea,ug ml-1,429.189985584,0.9473999999999998,6,4,3.0,0.0,58.21087705164233,-1.3979400086720377,-1.7650041427622751,COc1ccc2c3c([nH]c2c1)[C@H](CC(C)(C)O)N1C(=O)[C@@H]2CCCN2C(=O)[C@@]1(O)[C@H]3O,<rdkit.Chem.rdchem.Mol object at 0x7e4134c83bc0>,0.9473999999999998,126.33000000000001,0.5454545454545454,5,9,3,<rdkit.Chem.rdchem.Mol object at 0x7e4137866b20>,0.5755221626446747,4.363604795578967,Botrytis cinerea
68,CHEMBL1090129,COc1ccc2c3c([nH]c2c1)[C@H](C(C)(C)O)N1C[C@@H]2CCCN2C[C@@]1(O)[C@H]3O,12.5,ug.mL-1,CHEMBL612399,Botrytis cinerea,ug ml-1,387.215806408,1.5040999999999998,6,4,2.0,0.0,32.259729534427564,-1.0969100130080565,-1.5086607219432697,COc1ccc2c3c([nH]c2c1)[C@H](C(C)(C)O)N1C[C@@H]2CCCN2C[C@@]1(O)[C@H]3O,<rdkit.Chem.rdchem.Mol object at 0x7e4134c83c30>,1.5040999999999998,92.19000000000001,0.6190476190476191,5,7,2,<rdkit.Chem.rdchem.Mol object at 0x7e4137866c00>,0.6243319596185225,4.262093231139753,Botrytis cinerea
69,CHEMBL2229114,COc1ccc2c3c([nH]c2c1)[C@H](C=C(C)C)N1C(=O)[C@@H]2CCCN2C(=O)[C@@]1(O)[C@H]3OC,12.5,ug.mL-1,CHEMBL612399,Botrytis cinerea,ug ml-1,425.19507096399997,2.4067000000000007,5,2,3.0,0.0,29.378238950844313,-1.0969100130080565,-1.4680257588860546,COc1ccc2c3c([nH]c2c1)[C@H](C=C(C)C)N1C(=O)[C@@H]2CCCN2C(=O)[C@@]1(O)[C@H]3OC,<rdkit.Chem.rdchem.Mol object at 0x7e4134c83ca0>,2.4067000000000007,95.10000000000001,0.4782608695652174,5,8,3,<rdkit.Chem.rdchem.Mol object at 0x7e4137866ce0>,0.7367390619058801,4.423996339302002,Botrytis cinerea
70,CHEMBL1089971,COc1ccc2c3c([nH]c2c1)[C@H](C=C(C)C)N1C[C@@H]2CCCN2C[C@@]1(O)[C@H]3O,50.0,ug.mL-1,CHEMBL612399,Botrytis cinerea,ug ml-1,383.22089178799996,2.699400000000001,5,3,2.0,0.0,130.38081628821453,-1.6989700043360187,-2.115213695743572,COc1ccc2c3c([nH]c2c1)[C@H](C=C(C)C)N1C[C@@H]2CCCN2C[C@@]1(O)[C@H]3O,<rdkit.Chem.rdchem.Mol object at 0x7e4134c83d10>,2.699400000000001,71.96000000000001,0.5454545454545454,5,6,2,<rdkit.Chem.rdchem.Mol object at 0x7e4137866dc0>,0.6957777676961527,4.3580900628377535,Botrytis cinerea
71,CHEMBL410316,COc1ccc2c3c([nH]c2c1)[C@H](C=C(C)C)N1C(=O)[C@@H]2CCCN2C(=O)[C@@H]1C3,12.5,ug.mL-1,CHEMBL612399,Botrytis cinerea,ug ml-1,379.18959166,2.9417000000000018,3,1,2.0,0.0,32.941548516312636,-1.0969100130080565,-1.517744010628597,COc1ccc2c3c([nH]c2c1)[C@H](C=C(C)C)N1C(=O)[C@@H]2CCCN2C(=O)[C@@H]1C3,<rdkit.Chem.rdchem.Mol object at 0x7e4134c83d80>,2.9417000000000018,65.64,0.45454545454545453,5,6,2,<rdkit.Chem.rdchem.Mol object at 0x7e4137866ea0>,0.8161912593908079,3.810946305780835,Botrytis cinerea
72,CHEMBL388978,CN[C@@H]1C[C@H]2O[C@@](C)([C@@H]1OC)n1c3ccccc3c3c4c(c5c6ccccc6n2c5c31)C(=O)NC4,50.0,ug.mL-1,CHEMBL612399,Botrytis cinerea,ug ml-1,466.200490692,4.354000000000003,6,2,2.0,0.0,107.1717169552086,-1.6989700043360187,-2.030080188426428,CN[C@@H]1C[C@H]2O[C@@](C)([C@@H]1OC)n1c3ccccc3c3c4c(c5c6ccccc6n2c5c31)C(=O)NC4,<rdkit.Chem.rdchem.Mol object at 0x7e4134c83df0>,4.354000000000003,69.45,0.32142857142857145,8,7,2,<rdkit.Chem.rdchem.Mol object at 0x7e4137866f80>,0.4058424794083466,4.953655653774268,Botrytis cinerea
73,CHEMBL2269608,O=C(O)C/C=C/c1ccccc1,100.0,ug.mL-1,CHEMBL612399,Botrytis cinerea,ug ml-1,162.06807956,2.1745,1,1,3.0,0.0,616.5684267640023,-2.0,-2.789981281608057,O=C(O)C/C=C/c1ccccc1,<rdkit.Chem.rdchem.Mol object at 0x7e4134c83e60>,2.1745,37.3,0.1,1,2,3,<rdkit.Chem.rdchem.Mol object at 0x7e4137867060>,0.7391084410439646,1.887863733353539,Botrytis cinerea
74,CHEMBL2270585,CCCCC1CCC2=C(CC(C(O)CCCC)C3=C1C(=O)OC3=O)C(=O)OC2=O,0.78,ug.mL-1,CHEMBL612399,Botrytis cinerea,ug ml-1,404.18350323599986,2.904000000000001,7,1,7.0,0.0,1.9285020236909047,0.10790539730951959,-0.2852200989331117,CCCCC1CCC2=C(CC(C(O)CCCC)C3=C1C(=O)OC3=O)C(=O)OC2=O,<rdkit.Chem.rdchem.Mol object at 0x7e4134c83ed0>,2.904000000000001,106.97,0.6363636363636364,3,7,7,<rdkit.Chem.rdchem.Mol object at 0x7e4137867140>,0.5134154854009298,4.758726826586993,Botrytis cinerea
75,CHEMBL504381,Nc1c(Cl)cc([N+](=O)[O-])cc1Cl,0.1,ug.mL-1,CHEMBL612399,Botrytis cinerea,ug ml-1,205.964982728,2.4838000000000005,3,1,1.0,0.0,0.4830544498975925,1.0,0.31600391281525125,Nc1c(Cl)cc([N+](=O)[O-])cc1Cl,<rdkit.Chem.rdchem.Mol object at 0x7e4134c83f40>,2.4838000000000005,69.16,0.0,1,6,1,<rdkit.Chem.rdchem.Mol object at 0x7e4137867220>,0.43642666972218,2.14669143733836,Botrytis cinerea
76,CHEMBL2270584,CC1=C(C)C(=O)N(c2ccc(F)c(F)c2F)C1=O,1.0,ug.mL-1,CHEMBL612399,Botrytis cinerea,ug ml-1,255.050713156,2.3135000000000003,2,0,1.0,0.0,3.9185720723368416,-0.0,-0.5931278389386577,CC1=C(C)C(=O)N(c2ccc(F)c(F)c2F)C1=O,<rdkit.Chem.rdchem.Mol object at 0x7e412df90040>,2.3135000000000003,37.38,0.16666666666666666,2,6,1,<rdkit.Chem.rdchem.Mol object at 0x7e4137867300>,0.5701132599731765,2.4476416125712923,Botrytis cinerea
77,CHEMBL2270583,CC1=C(C)C(=O)N(c2nc3ccccc3[nH]2)C1=O,10.0,ug.mL-1,CHEMBL612399,Botrytis cinerea,ug ml-1,241.085126592,1.7724999999999997,3,1,1.0,0.0,41.45077720207254,-1.0,-1.6175326779841699,CC1=C(C)C(=O)N(c2nc3ccccc3[nH]2)C1=O,<rdkit.Chem.rdchem.Mol object at 0x7e412df900b0>,1.7724999999999997,66.06,0.15384615384615385,3,5,1,<rdkit.Chem.rdchem.Mol object at 0x7e41378673e0>,0.7736427121799446,2.445220656761146,Botrytis cinerea
78,CHEMBL2270582,CC1=C(C)C(=O)N(c2cccc([N+](=O)[O-])c2C)C1=O,10.0,ug.mL-1,CHEMBL612399,Botrytis cinerea,ug ml-1,260.079706864,2.11282,4,0,2.0,0.0,38.42473938420513,-1.0,-1.5846109305794485,CC1=C(C)C(=O)N(c2cccc([N+](=O)[O-])c2C)C1=O,<rdkit.Chem.rdchem.Mol object at 0x7e412df90120>,2.11282,80.52000000000001,0.23076923076923078,2,6,2,<rdkit.Chem.rdchem.Mol object at 0x7e41378674c0>,0.4630598901902976,2.3525354050629783,Botrytis cinerea
79,CHEMBL2270581,CC1=C(C)C(=O)N(c2cc(Cl)cc(Cl)c2)C1=O,0.1,ug.mL-1,CHEMBL612399,Botrytis cinerea,ug ml-1,269.001033888,3.203000000000002,2,0,1.0,0.0,0.37021268718878997,1.0,0.4315487020561891,CC1=C(C)C(=O)N(c2cc(Cl)cc(Cl)c2)C1=O,<rdkit.Chem.rdchem.Mol object at 0x7e412df90190>,3.203000000000002,37.38,0.16666666666666666,2,5,1,<rdkit.Chem.rdchem.Mol object at 0x7e41378675a0>,0.7346640788168174,2.261715812609788,Botrytis cinerea
80,CHEMBL2270580,CC1=C(C)C(=O)N(c2ccc(Cl)cc2)C1=O,10.0,ug.mL-1,CHEMBL612399,Botrytis cinerea,ug ml-1,235.04000624,2.5496000000000008,2,0,1.0,0.0,42.43221453727671,-1.0,-1.6276956981871118,CC1=C(C)C(=O)N(c2ccc(Cl)cc2)C1=O,<rdkit.Chem.rdchem.Mol object at 0x7e412df90200>,2.5496000000000008,37.38,0.16666666666666666,2,4,1,<rdkit.Chem.rdchem.Mol object at 0x7e4137867680>,0.7018659051113485,1.987358851019172,Botrytis cinerea
81,CHEMBL2270579,CC1=C(C)C(=O)N(c2ccc(C)cc2)C1=O,5.0,ug.mL-1,CHEMBL612399,Botrytis cinerea,ug ml-1,215.094628656,2.2046200000000002,2,0,1.0,0.0,23.228587887685133,-0.6989700043360189,-1.366022808972563,CC1=C(C)C(=O)N(c2ccc(C)cc2)C1=O,<rdkit.Chem.rdchem.Mol object at 0x7e412df90270>,2.2046200000000002,37.38,0.23076923076923078,2,3,1,<rdkit.Chem.rdchem.Mol object at 0x7e4137867760>,0.6733661294161616,1.9646414986041467,Botrytis cinerea
82,CHEMBL1774745,CC1=C(C)C(=O)N(CCCc2ccccc2)C1=O,10.0,ug.mL-1,CHEMBL612399,Botrytis cinerea,ug ml-1,243.125928784,2.3244000000000007,2,0,4.0,0.0,41.1005071802586,-1.0,-1.6138471811030424,CC1=C(C)C(=O)N(CCCc2ccccc2)C1=O,<rdkit.Chem.rdchem.Mol object at 0x7e412df902e0>,2.3244000000000007,37.38,0.3333333333333333,2,3,4,<rdkit.Chem.rdchem.Mol object at 0x7e4137867840>,0.7610142497138952,1.9757363490688373,Botrytis cinerea
83,CHEMBL1774744,CC1=C(C)C(=O)N(CCc2ccccc2)C1=O,75.0,ug.mL-1,CHEMBL612399,Botrytis cinerea,ug ml-1,229.11027872,1.9343000000000001,2,0,3.0,0.0,327.11238273021075,-1.8750612633917,-2.514696984509004,CC1=C(C)C(=O)N(CCc2ccccc2)C1=O,<rdkit.Chem.rdchem.Mol object at 0x7e412df90350>,1.9343000000000001,37.38,0.2857142857142857,2,3,3,<rdkit.Chem.rdchem.Mol object at 0x7e4137867920>,0.7426451144536753,1.9538728011531585,Botrytis cinerea
84,CHEMBL1774743,CC1=C(C)C(=O)N(Cc2ccccc2)C1=O,5.0,ug.mL-1,CHEMBL612399,Botrytis cinerea,ug ml-1,215.094628656,1.8918,2,0,2.0,0.0,23.228587887685133,-0.6989700043360189,-1.366022808972563,CC1=C(C)C(=O)N(Cc2ccccc2)C1=O,<rdkit.Chem.rdchem.Mol object at 0x7e412df903c0>,1.8918,37.38,0.23076923076923078,2,3,2,<rdkit.Chem.rdchem.Mol object at 0x7e4137867a00>,0.7063735572767822,1.903220852970712,Botrytis cinerea
85,CHEMBL567610,CC1=C(C)C(=O)N(c2ccccc2)C1=O,1.0,ug.mL-1,CHEMBL612399,Botrytis cinerea,ug ml-1,201.078978592,1.8962,2,0,1.0,0.0,4.9695614362032545,-0.0,-0.6963180639363609,CC1=C(C)C(=O)N(c2ccccc2)C1=O,<rdkit.Chem.rdchem.Mol object at 0x7e412df90430>,1.8962,37.38,0.16666666666666666,2,3,1,<rdkit.Chem.rdchem.Mol object at 0x7e4137867ae0>,0.6505658518282952,1.9037349949765243,Botrytis cinerea
86,CHEMBL2270578,CC1=C(C)C(=O)N(C2CCCCC2)C1=O,10.0,ug.mL-1,CHEMBL612399,Botrytis cinerea,ug ml-1,207.125928784,2.0243,2,0,1.0,0.0,48.24555055410016,-1.0,-1.6834572667180396,CC1=C(C)C(=O)N(C2CCCCC2)C1=O,<rdkit.Chem.rdchem.Mol object at 0x7e412df904a0>,2.0243,37.38,0.6666666666666666,2,3,1,<rdkit.Chem.rdchem.Mol object at 0x7e4137867bc0>,0.6168121444352549,2.28252186176827,Botrytis cinerea
87,CHEMBL2270577,CCCCCCCCCCCCN1C(=O)C(C)=C(C)C1=O,50.0,ug.mL-1,CHEMBL612399,Botrytis cinerea,ug ml-1,293.235479232,4.612500000000004,2,0,11.0,0.0,170.38619735492466,-1.6989700043360187,-2.2314344105281987,CCCCCCCCCCCCN1C(=O)C(C)=C(C)C1=O,<rdkit.Chem.rdchem.Mol object at 0x7e412df90510>,4.612500000000004,37.38,0.7777777777777778,1,3,11,<rdkit.Chem.rdchem.Mol object at 0x7e4137867ca0>,0.4118002138512414,2.162954495763735,Botrytis cinerea
88,CHEMBL2270576,CCCCCCCCN1C(=O)C(C)=C(C)C1=O,50.0,ug.mL-1,CHEMBL612399,Botrytis cinerea,ug ml-1,237.172878976,3.052100000000002,2,0,7.0,0.0,210.6655768234159,-1.6989700043360187,-2.3235935768184146,CCCCCCCCN1C(=O)C(C)=C(C)C1=O,<rdkit.Chem.rdchem.Mol object at 0x7e412df90580>,3.052100000000002,37.38,0.7142857142857143,1,3,7,<rdkit.Chem.rdchem.Mol object at 0x7e4137867d80>,0.5038784652712066,2.152419090201761,Botrytis cinerea
89,CHEMBL2270575,CCCCCCN1C(=O)C(C)=C(C)C1=O,5.0,ug.mL-1,CHEMBL612399,Botrytis cinerea,ug ml-1,209.141578848,2.2719000000000005,2,0,5.0,0.0,23.890409911653265,-0.6989700043360189,-1.3782236014385267,CCCCCCN1C(=O)C(C)=C(C)C1=O,<rdkit.Chem.rdchem.Mol object at 0x7e412df905f0>,2.2719000000000005,37.38,0.6666666666666666,1,3,5,<rdkit.Chem.rdchem.Mol object at 0x7e4137867e60>,0.5142680408309335,2.171983118803917,Botrytis cinerea
90,CHEMBL2270574,CCCCCN1C(=O)C(C)=C(C)C1=O,5.0,ug.mL-1,CHEMBL612399,Botrytis cinerea,ug ml-1,195.125928784,1.8818,2,0,4.0,0.0,25.606620847886436,-0.6989700043360189,-1.4083522710125973,CCCCCN1C(=O)C(C)=C(C)C1=O,<rdkit.Chem.rdchem.Mol object at 0x7e412df90660>,1.8818,37.38,0.6363636363636364,1,3,4,<rdkit.Chem.rdchem.Mol object at 0x7e4137867f40>,0.5070974295362184,2.191243579455133,Botrytis cinerea
91,CHEMBL2270573,CC1=C(C)C(=O)N(CC(C)C)C1=O,50.0,ug.mL-1,CHEMBL612399,Botrytis cinerea,ug ml-1,181.11027872,1.3476000000000001,2,0,2.0,0.0,275.8849008193782,-1.6989700043360187,-2.4407279321926043,CC1=C(C)C(=O)N(CC(C)C)C1=O,<rdkit.Chem.rdchem.Mol object at 0x7e412df906d0>,1.3476000000000001,37.38,0.6,1,3,2,<rdkit.Chem.rdchem.Mol object at 0x7e4134c780b0>,0.6028639451942567,2.3933250646941406,Botrytis cinerea
92,CHEMBL2270572,CCCCN1C(=O)C(C)=C(C)C1=O,5.0,ug.mL-1,CHEMBL612399,Botrytis cinerea,ug ml-1,181.11027872,1.4917,2,0,3.0,0.0,27.58849008193782,-0.6989700043360189,-1.4407279321926043,CCCCN1C(=O)C(C)=C(C)C1=O,<rdkit.Chem.rdchem.Mol object at 0x7e412df90740>,1.4917,37.38,0.6,1,3,3,<rdkit.Chem.rdchem.Mol object at 0x7e4134c78190>,0.6184900156904903,2.232112148198871,Botrytis cinerea
93,CHEMBL2270571,CC1=C(CNc2cc(Cl)cc(Cl)c2)C(=O)OC1=O,50.0,ug.mL-1,CHEMBL612399,Botrytis cinerea,ug ml-1,284.995948508,2.805200000000001,4,1,3.0,0.0,174.75551703167267,-1.6989700043360187,-2.24243089531094,CC1=C(CNc2cc(Cl)cc(Cl)c2)C(=O)OC1=O,<rdkit.Chem.rdchem.Mol object at 0x7e412df907b0>,2.805200000000001,55.4,0.16666666666666666,2,6,3,<rdkit.Chem.rdchem.Mol object at 0x7e4134c78270>,0.6854022909725865,2.7228763365099677,Botrytis cinerea
94,CHEMBL2270570,CC1=C(COC(=O)c2ccccc2)C(=O)OC1=O,15.0,ug.mL-1,CHEMBL612399,Botrytis cinerea,ug ml-1,246.05282342,1.2433,5,0,3.0,0.0,60.921622302187494,-1.1760912590556813,-1.7847714597905149,CC1=C(COC(=O)c2ccccc2)C(=O)OC1=O,<rdkit.Chem.rdchem.Mol object at 0x7e412df90820>,1.2433,69.67000000000002,0.15384615384615385,2,5,3,<rdkit.Chem.rdchem.Mol object at 0x7e4134c78350>,0.5925084566523122,2.3075898875303764,Botrytis cinerea
95,CHEMBL2270569,CC(=O)OCC1=C(C)C(=O)OC1=O,20.0,ug.mL-1,CHEMBL612399,Botrytis cinerea,ug ml-1,184.037173356,-0.05059999999999998,5,0,2.0,0.0,108.60888312055043,-1.3010299956639813,-2.035865347651211,CC(=O)OCC1=C(C)C(=O)OC1=O,<rdkit.Chem.rdchem.Mol object at 0x7e412df90890>,-0.05059999999999998,69.67000000000002,0.375,1,5,2,<rdkit.Chem.rdchem.Mol object at 0x7e4134c78430>,0.44415565262206974,2.858711695710184,Botrytis cinerea
96,CHEMBL2270568,CCCCCCCCCCC1=C(C)C(=O)OC1=O,3.0,ug.mL-1,CHEMBL612399,Botrytis cinerea,ug ml-1,252.172544628,3.917100000000003,3,0,9.0,0.0,11.888062008131437,-0.47712125471966244,-1.0751110617024255,CCCCCCCCCCC1=C(C)C(=O)OC1=O,<rdkit.Chem.rdchem.Mol object at 0x7e412df90900>,3.917100000000003,43.370000000000005,0.7333333333333333,1,3,9,<rdkit.Chem.rdchem.Mol object at 0x7e4134c78510>,0.3547181303928194,2.434500964453452,Botrytis cinerea
97,CHEMBL2270567,CCCCCCC1=C(C)C(=O)OC1=O,4.0,ug.mL-1,CHEMBL612399,Botrytis cinerea,ug ml-1,196.109944372,2.3567,3,0,5.0,0.0,20.382581046237885,-0.6020599913279624,-1.309259177862935,CCCCCCC1=C(C)C(=O)OC1=O,<rdkit.Chem.rdchem.Mol object at 0x7e412df90970>,2.3567,43.370000000000005,0.6363636363636364,1,3,5,<rdkit.Chem.rdchem.Mol object at 0x7e4134c785f0>,0.3848940775332484,2.5618481970281692,Botrytis cinerea
98,CHEMBL2270566,CCCCCC1=C(C)C(=O)OC1=O,5.0,ug.mL-1,CHEMBL612399,Botrytis cinerea,ug ml-1,182.094294308,1.9665999999999997,3,0,4.0,0.0,27.439509601084417,-0.6989700043360189,-1.4383763453930913,CCCCCC1=C(C)C(=O)OC1=O,<rdkit.Chem.rdchem.Mol object at 0x7e412df909e0>,1.9665999999999997,43.370000000000005,0.6,1,3,4,<rdkit.Chem.rdchem.Mol object at 0x7e4134c786d0>,0.37900162276823596,2.6197949148439896,Botrytis cinerea
99,CHEMBL2270565,CCCC1=C(C)C(=O)OC1=O,25.0,ug.mL-1,CHEMBL612399,Botrytis cinerea,ug ml-1,154.06299418,1.1864000000000001,3,0,2.0,0.0,162.1639152855707,-1.3979400086720377,-2.2099542214175076,CCCC1=C(C)C(=O)OC1=O,<rdkit.Chem.rdchem.Mol object at 0x7e412df90a50>,1.1864000000000001,43.370000000000005,0.5,1,3,2,<rdkit.Chem.rdchem.Mol object at 0x7e4134c787b0>,0.4428656226982397,2.8206788508860896,Botrytis cinerea
100,CHEMBL2270564,O=C1OC(=O)C(CBr)=C1CBr,125.0,ug.mL-1,CHEMBL612399,Botrytis cinerea,ug ml-1,281.85271818800004,1.1562,3,0,2.0,0.0,440.2912262286768,-2.0969100130080562,-2.6437400312727526,O=C1OC(=O)C(CBr)=C1CBr,<rdkit.Chem.rdchem.Mol object at 0x7e412df90ac0>,1.1562,43.370000000000005,0.3333333333333333,1,5,2,<rdkit.Chem.rdchem.Mol object at 0x7e4134c78890>,0.4338927270593379,3.6277807076500146,Botrytis cinerea
101,CHEMBL2270563,CC1=C(CCC(=O)O)C(=O)OC1=O,80.0,ug.mL-1,CHEMBL612399,Botrytis cinerea,ug ml-1,184.037173356,0.25110000000000005,4,1,3.0,0.0,434.4355324822018,-1.9030899869919435,-2.6379253389791737,CC1=C(CCC(=O)O)C(=O)OC1=O,<rdkit.Chem.rdchem.Mol object at 0x7e412df90b30>,0.25110000000000005,80.66999999999999,0.375,1,5,3,<rdkit.Chem.rdchem.Mol object at 0x7e4134c78970>,0.5019239601396086,2.732829795257695,Botrytis cinerea
102,CHEMBL2270562,CCOC(=O)C(CC1=C(C)C(=O)OC1=O)C(=O)OCC,8.0,ug.mL-1,CHEMBL612399,Botrytis cinerea,ug ml-1,284.089602852,0.5187999999999997,7,0,6.0,0.0,28.14285312244955,-0.9030899869919435,-1.4493681241052716,CCOC(=O)C(CC1=C(C)C(=O)OC1=O)C(=O)OCC,<rdkit.Chem.rdchem.Mol object at 0x7e412df90ba0>,0.5187999999999997,95.97000000000001,0.5384615384615384,1,7,6,<rdkit.Chem.rdchem.Mol object at 0x7e4134c78a50>,0.3982440559046369,2.8307715283377366,Botrytis cinerea
103,CHEMBL2270561,CC1=C(CO)C(=O)OC1=O,1000.0,ug.mL-1,CHEMBL612399,Botrytis cinerea,ug ml-1,142.026608672,-0.6214,4,1,1.0,0.0,7036.802476954473,-3.0,-3.847375360552381,CC1=C(CO)C(=O)OC1=O,<rdkit.Chem.rdchem.Mol object at 0x7e412df90c10>,-0.6214,63.6,0.3333333333333333,1,4,1,<rdkit.Chem.rdchem.Mol object at 0x7e4134c78b30>,0.391119720464093,3.080114928805691,Botrytis cinerea
104,CHEMBL2270560,CC1=C(CBr)C(=O)OC1=O,10.0,ug.mL-1,CHEMBL612399,Botrytis cinerea,ug ml-1,203.94220612,0.7811999999999999,3,0,1.0,0.0,48.77882218655949,-1.0,-1.688231309629753,CC1=C(CBr)C(=O)OC1=O,<rdkit.Chem.rdchem.Mol object at 0x7e412df90c80>,0.7811999999999999,43.370000000000005,0.3333333333333333,1,4,1,<rdkit.Chem.rdchem.Mol object at 0x7e4134c78c10>,0.3605912342293973,3.300609603361904,Botrytis cinerea
105,CHEMBL2270559,CC1=C(C)C(=O)OC1=O,3.0,ug.mL-1,CHEMBL612399,Botrytis cinerea,ug ml-1,126.031694052,0.4062,3,0,0.0,0.0,23.78856721459667,-0.47712125471966244,-1.3763682852683246,CC1=C(C)C(=O)OC1=O,<rdkit.Chem.rdchem.Mol object at 0x7e412df90cf0>,0.4062,43.370000000000005,0.3333333333333333,1,3,0,<rdkit.Chem.rdchem.Mol object at 0x7e4134c78cf0>,0.34840685833109564,2.8948928901687,Botrytis cinerea
106,CHEMBL2270558,O=C1OC(=O)C(Cl)=C1Cl,100.0,ug.mL-1,CHEMBL612399,Botrytis cinerea,ug ml-1,165.92244921999998,0.7589999999999999,3,0,0.0,0.0,598.9924946240424,-2.0,-2.777421380713545,O=C1OC(=O)C(Cl)=C1Cl,<rdkit.Chem.rdchem.Mol object at 0x7e412df90d60>,0.7589999999999999,43.370000000000005,0.0,1,5,0,<rdkit.Chem.rdchem.Mol object at 0x7e4134c78dd0>,0.39464595686260684,3.0134280072255573,Botrytis cinerea
107,CHEMBL2270557,O=C1OC(=O)C(c2ccccc2)=C1c1ccccc1,20.0,ug.mL-1,CHEMBL612399,Botrytis cinerea,ug ml-1,250.06299417999998,2.6808000000000005,3,0,2.0,0.0,79.91912184868913,-1.3010299956639813,-1.9026507032163762,O=C1OC(=O)C(c2ccccc2)=C1c1ccccc1,<rdkit.Chem.rdchem.Mol object at 0x7e412df90dd0>,2.6808000000000005,43.370000000000005,0.0,3,3,2,<rdkit.Chem.rdchem.Mol object at 0x7e4134c78eb0>,0.6076235885747713,1.9174505176101313,Botrytis cinerea
108,CHEMBL2270556,O=C1C=C(c2ccccc2)C(=O)O1,150.0,ug.mL-1,CHEMBL612399,Botrytis cinerea,ug ml-1,174.031694052,1.1534,3,0,1.0,0.0,861.301713990411,-2.1760912590556813,-2.9351553114630473,O=C1C=C(c2ccccc2)C(=O)O1,<rdkit.Chem.rdchem.Mol object at 0x7e412df90e40>,1.1534,43.370000000000005,0.0,2,3,1,<rdkit.Chem.rdchem.Mol object at 0x7e4134c78f90>,0.4735216852029353,2.2588156335847103,Botrytis cinerea
109,CHEMBL2270555,O=C1C=C(Br)C(=O)O1,1000.0,ug.mL-1,CHEMBL612399,Botrytis cinerea,ug ml-1,175.910905992,0.34859999999999997,3,0,0.0,0.0,5651.218120065781,-3.0,-3.7521420700855153,O=C1C=C(Br)C(=O)O1,<rdkit.Chem.rdchem.Mol object at 0x7e412df90eb0>,0.34859999999999997,43.370000000000005,0.0,1,4,0,<rdkit.Chem.rdchem.Mol object at 0x7e4134c79070>,0.3955893495166418,3.4394555830621725,Botrytis cinerea
110,CHEMBL2270554,O=C1OC(=O)c2c(Cl)ccc(Cl)c21,1000.0,ug.mL-1,CHEMBL612399,Botrytis cinerea,ug ml-1,215.93809928399997,2.3040000000000003,3,0,0.0,0.0,4608.146280995545,-3.0,-3.663526256878009,O=C1OC(=O)c2c(Cl)ccc(Cl)c21,<rdkit.Chem.rdchem.Mol object at 0x7e412df90f20>,2.3040000000000003,43.370000000000005,0.0,2,5,0,<rdkit.Chem.rdchem.Mol object at 0x7e4134c79150>,0.49417542834124695,2.424781728030803,Botrytis cinerea
111,CHEMBL2270553,O=C1OC(=O)c2c1ccc(Cl)c2Cl,1000.0,ug.mL-1,CHEMBL612399,Botrytis cinerea,ug ml-1,215.93809928399997,2.3040000000000003,3,0,0.0,0.0,4608.146280995545,-3.0,-3.663526256878009,O=C1OC(=O)c2c1ccc(Cl)c2Cl,<rdkit.Chem.rdchem.Mol object at 0x7e412df90f90>,2.3040000000000003,43.370000000000005,0.0,2,5,0,<rdkit.Chem.rdchem.Mol object at 0x7e4134c79230>,0.49417542834124695,2.4360208489099247,Botrytis cinerea
112,CHEMBL2270552,O=C1OC(=O)c2cc(Cl)c(Cl)cc21,500.0,ug.mL-1,CHEMBL612399,Botrytis cinerea,ug ml-1,215.93809928399997,2.3040000000000003,3,0,0.0,0.0,2304.0731404977723,-2.6989700043360187,-3.362496261214028,O=C1OC(=O)c2cc(Cl)c(Cl)cc21,<rdkit.Chem.rdchem.Mol object at 0x7e412df91000>,2.3040000000000003,43.370000000000005,0.0,2,5,0,<rdkit.Chem.rdchem.Mol object at 0x7e4134c79310>,0.49417542834124695,2.327368101657177,Botrytis cinerea
113,CHEMBL2270551,O=C1OC(=O)c2c(F)c(F)c(F)c(F)c21,500.0,ug.mL-1,CHEMBL612399,Botrytis cinerea,ug ml-1,219.97835673999998,1.5536000000000003,3,0,0.0,0.0,2271.932096493501,-2.6989700043360187,-3.3563953470394785,O=C1OC(=O)c2c(F)c(F)c(F)c(F)c21,<rdkit.Chem.rdchem.Mol object at 0x7e412df91070>,1.5536000000000003,43.370000000000005,0.0,2,7,0,<rdkit.Chem.rdchem.Mol object at 0x7e4134c793f0>,0.21886946617101277,2.8503674383305437,Botrytis cinerea
114,CHEMBL2270550,O=C1OC(=O)c2c(F)ccc(F)c21,150.0,ug.mL-1,CHEMBL612399,Botrytis cinerea,ug ml-1,183.99720036399998,1.2754,3,0,0.0,0.0,814.7878564017883,-2.1760912590556813,-2.9110445476514024,O=C1OC(=O)c2c(F)ccc(F)c21,<rdkit.Chem.rdchem.Mol object at 0x7e412df910e0>,1.2754,43.370000000000005,0.0,2,5,0,<rdkit.Chem.rdchem.Mol object at 0x7e4134c794d0>,0.45014285091467565,2.5287623873714615,Botrytis cinerea
115,CHEMBL2270549,O=C1OC(=O)c2c(F)cccc21,500.0,ug.mL-1,CHEMBL612399,Botrytis cinerea,ug ml-1,166.00662217599998,1.1363,3,0,0.0,0.0,3010.107942470817,-2.6989700043360187,-3.4785820696732093,O=C1OC(=O)c2c(F)cccc21,<rdkit.Chem.rdchem.Mol object at 0x7e412df91150>,1.1363,43.370000000000005,0.0,2,4,0,<rdkit.Chem.rdchem.Mol object at 0x7e4134c795b0>,0.42834967800111895,2.2838086942749705,Botrytis cinerea
116,CHEMBL1882541,Cc1ccc2c(c1)C(=O)OC2=O,1000.0,ug.mL-1,CHEMBL612399,Botrytis cinerea,ug ml-1,162.031694052,1.30562,3,0,0.0,0.0,6167.357410696666,-3.0,-3.790099117389423,Cc1ccc2c(c1)C(=O)OC2=O,<rdkit.Chem.rdchem.Mol object at 0x7e412df911c0>,1.30562,43.370000000000005,0.1111111111111111,2,3,0,<rdkit.Chem.rdchem.Mol object at 0x7e4134c79690>,0.42632433796152747,2.090935967002242,Botrytis cinerea
117,CHEMBL2137687,O=C(O)c1ccc2c(c1)C(=O)OC2=O,1000.0,ug.mL-1,CHEMBL612399,Botrytis cinerea,ug ml-1,192.005873228,0.6954,4,1,1.0,0.0,5204.917606154296,-3.0,-3.7164138590193208,O=C(O)c1ccc2c(c1)C(=O)OC2=O,<rdkit.Chem.rdchem.Mol object at 0x7e412df91230>,0.6954,80.66999999999999,0.0,2,5,1,<rdkit.Chem.rdchem.Mol object at 0x7e4134c79770>,0.5226781971464654,2.101365201076753,Botrytis cinerea
118,CHEMBL1371297,O=C1OC(=O)c2ccccc21,1000.0,ug.mL-1,CHEMBL612399,Botrytis cinerea,ug ml-1,148.01604398799998,0.9972,3,0,0.0,0.0,6751.419485946922,-3.0,-3.829395092846198,O=C1OC(=O)c2ccccc21,<rdkit.Chem.rdchem.Mol object at 0x7e412df912a0>,0.9972,43.370000000000005,0.0,2,3,0,<rdkit.Chem.rdchem.Mol object at 0x7e4134c79850>,0.40682134573792267,1.9302921477116222,Botrytis cinerea
119,CHEMBL374159,O=C1C=CC(=O)O1,250.0,ug.mL-1,CHEMBL612399,Botrytis cinerea,ug ml-1,98.00039392400001,-0.3740000000000001,3,0,0.0,0.0,2549.5375138949794,-2.3979400086720375,-3.4064614065595125,O=C1C=CC(=O)O1,<rdkit.Chem.rdchem.Mol object at 0x7e412df91310>,-0.3740000000000001,43.370000000000005,0.0,1,3,0,<rdkit.Chem.rdchem.Mol object at 0x7e4134c79930>,0.30631220581862406,3.1307458537305557,Botrytis cinerea
193,CHEMBL2272378,CCOC(=O)C1(C)OC(=O)N(c2cc(Cl)cc(Cl)c2)C1=O,3.1,ug.mL-1,CHEMBL612399,Botrytis cinerea,mg/L,331.001427812,2.798400000000001,5,0,3.0,0.0,9.333441721688809,-0.4913616938342727,-0.9700418200716311,CCOC(=O)C1(C)OC(=O)N(c2cc(Cl)cc(Cl)c2)C1=O,<rdkit.Chem.rdchem.Mol object at 0x7e412df91380>,2.798400000000001,72.91,0.3076923076923077,2,8,3,<rdkit.Chem.rdchem.Mol object at 0x7e4134c79a10>,0.6285709908318017,3.17457471332955,Botrytis cinerea
194,CHEMBL2271594,COC(=O)NCc1cc(/C(C)=N/OCc2cccc(C)n2)ccc1Cl,0.1,ug.mL-1,CHEMBL612399,Botrytis cinerea,ug ml-1,361.11931918,3.840220000000003,5,1,6.0,0.0,0.2763736461146011,1.0,0.5585033719081118,COC(=O)NCc1cc(/C(C)=N/OCc2cccc(C)n2)ccc1Cl,<rdkit.Chem.rdchem.Mol object at 0x7e412df913f0>,3.840220000000003,72.81,0.2777777777777778,2,7,6,<rdkit.Chem.rdchem.Mol object at 0x7e4134c79af0>,0.6263323759058593,2.4509560713414764,Botrytis cinerea
195,CHEMBL48310,CC(C)c1cccc(=O)c(O)c1,50.0,ug.mL-1,CHEMBL612399,Botrytis cinerea,ug ml-1,164.083729624,1.8758000000000001,2,1,1.0,0.0,304.49928138169594,-1.6989700043360187,-2.4835862720351263,CC(C)c1cccc(=O)c(O)c1,<rdkit.Chem.rdchem.Mol object at 0x7e412df91460>,1.8758000000000001,37.3,0.3,1,2,1,<rdkit.Chem.rdchem.Mol object at 0x7e4134c79bd0>,0.6876279347076618,1.9752795421770681,Botrytis cinerea
196,CHEMBL121188,O=c1cccccc1O,25.0,ug.mL-1,CHEMBL612399,Botrytis cinerea,ug ml-1,122.036779432,0.7523999999999997,2,1,0.0,0.0,204.7116431794175,-1.3979400086720377,-2.31114254429793,O=c1cccccc1O,<rdkit.Chem.rdchem.Mol object at 0x7e412df914d0>,0.7523999999999997,37.3,0.0,1,2,0,<rdkit.Chem.rdchem.Mol object at 0x7e4134c79cb0>,0.5509952407058899,1.684828622610171,Botrytis cinerea
197,CHEMBL477752,C/C=C\c1cc(OC)c(OC)cc1OC,100.0,ug.mL-1,CHEMBL612399,Botrytis cinerea,ug ml-1,208.109944372,2.7455000000000007,3,0,4.0,0.0,480.17593646312014,-2.0,-2.6814003920326708,C/C=C\c1cc(OC)c(OC)cc1OC,<rdkit.Chem.rdchem.Mol object at 0x7e412df91540>,2.7455000000000007,27.69,0.3333333333333333,1,3,4,<rdkit.Chem.rdchem.Mol object at 0x7e4134c79d90>,0.7610614713574507,1.9589406234943496,Botrytis cinerea
202,CHEMBL2269332,CCCCCCC(C)C/C(C)=C\C(/C=C(C)/C=C/C(O)C(C)(C)c1cc(OC)c([C@@H]2O[C@H](CO)C[C@H](O)[C@H]2O)c(=O)o1)CO,50.0,ug.mL-1,CHEMBL612399,Botrytis cinerea,ug ml-1,620.3924333719999,4.884900000000008,9,5,17.0,1.0,80.53812352615229,-1.6989700043360187,-1.9060015066752969,CCCCCCC(C)C/C(C)=C\C(/C=C(C)/C=C/C(O)C(C)(C)c1cc(OC)c([C@@H]2O[C@H](CO)C[C@H](O)[C@H]2O)c(=O)o1)CO,<rdkit.Chem.rdchem.Mol object at 0x7e412df915b0>,4.884900000000008,149.82000000000002,0.6857142857142857,2,9,17,<rdkit.Chem.rdchem.Mol object at 0x7e4134c79e70>,0.0932492024797883,5.2985317917358765,Botrytis cinerea
221,CHEMBL1275969,CC(C)c1ccccc(=O)c1O,25.0,ug.mL-1,CHEMBL612399,Botrytis cinerea,ug ml-1,164.083729624,1.8757999999999995,2,1,1.0,0.0,152.249640690848,-1.3979400086720377,-2.182556276371145,CC(C)c1ccccc(=O)c1O,<rdkit.Chem.rdchem.Mol object at 0x7e412df91620>,1.8757999999999995,37.3,0.3,1,2,1,<rdkit.Chem.rdchem.Mol object at 0x7e4134c79f50>,0.6876279347076618,1.9876805037155307,Botrytis cinerea
222,CHEMBL2287628,CC(C)C[C@@H]1CC[C@H](Cc2ccc(Cl)cc2)[C@@]1(O)Cn1cncn1,1.6,ug.mL-1,CHEMBL612399,Botrytis cinerea,ug ml-1,347.17644013200004,3.9776000000000034,4,1,6.0,0.0,4.599154905286154,-0.20411998265592482,-0.6626780374013994,CC(C)C[C@@H]1CC[C@H](Cc2ccc(Cl)cc2)[C@@]1(O)Cn1cncn1,<rdkit.Chem.rdchem.Mol object at 0x7e412df91690>,3.9776000000000034,50.94,0.5789473684210527,3,5,6,<rdkit.Chem.rdchem.Mol object at 0x7e4134c7a030>,0.8594932093395549,3.7815466381364278,Botrytis cinerea
223,CHEMBL2287443,CC(C)C[C@H]1CC[C@@H](Cc2ccc(Cl)cc2)[C@]1(O)Cn1cncn1,100.0,ug.mL-1,CHEMBL612399,Botrytis cinerea,ug ml-1,347.17644013200004,3.9776000000000034,4,1,6.0,0.0,287.44718158038455,-2.0,-2.4585580547454744,CC(C)C[C@H]1CC[C@@H](Cc2ccc(Cl)cc2)[C@]1(O)Cn1cncn1,<rdkit.Chem.rdchem.Mol object at 0x7e412df91700>,3.9776000000000034,50.94,0.5789473684210527,3,5,6,<rdkit.Chem.rdchem.Mol object at 0x7e4134c7a110>,0.8594932093395549,3.7815466381364278,Botrytis cinerea
224,CHEMBL2287442,CCCC[C@@H]1CC[C@H](Cc2ccc(Cl)cc2)[C@@]1(O)Cn1cncn1,3.1,ug.mL-1,CHEMBL612399,Botrytis cinerea,ug ml-1,347.17644013200004,4.121700000000003,4,1,7.0,0.0,8.910862628991921,-0.4913616938342727,-0.9499197485797471,CCCC[C@@H]1CC[C@H](Cc2ccc(Cl)cc2)[C@@]1(O)Cn1cncn1,<rdkit.Chem.rdchem.Mol object at 0x7e412df91770>,4.121700000000003,50.94,0.5789473684210527,3,5,7,<rdkit.Chem.rdchem.Mol object at 0x7e4134c7a1f0>,0.8191329547581992,3.7259412869658597,Botrytis cinerea
225,CHEMBL2287441,CCCC[C@H]1CC[C@@H](Cc2ccc(Cl)cc2)[C@]1(O)Cn1cncn1,100.0,ug.mL-1,CHEMBL612399,Botrytis cinerea,ug ml-1,347.17644013200004,4.121700000000003,4,1,7.0,0.0,287.44718158038455,-2.0,-2.4585580547454744,CCCC[C@H]1CC[C@@H](Cc2ccc(Cl)cc2)[C@]1(O)Cn1cncn1,<rdkit.Chem.rdchem.Mol object at 0x7e412df917e0>,4.121700000000003,50.94,0.5789473684210527,3,5,7,<rdkit.Chem.rdchem.Mol object at 0x7e4134c7a2d0>,0.8191329547581992,3.7259412869658597,Botrytis cinerea
226,CHEMBL2286107,CC(C)[C@H]1CC[C@H](Cc2ccc(Cl)cc2)[C@@]1(O)Cn1cncn1,0.4,ug.mL-1,CHEMBL612399,Botrytis cinerea,ug ml-1,333.16079006800004,3.587500000000002,4,1,5.0,0.0,1.1980962250983187,0.3979400086720376,-0.07849169981538973,CC(C)[C@H]1CC[C@H](Cc2ccc(Cl)cc2)[C@@]1(O)Cn1cncn1,<rdkit.Chem.rdchem.Mol object at 0x7e412df91850>,3.587500000000002,50.94,0.5555555555555556,3,5,5,<rdkit.Chem.rdchem.Mol object at 0x7e4134c7a3b0>,0.9093470602793498,3.7068005893687648,Botrytis cinerea
227,CHEMBL2286111,CC(C)[C@@H]1CC[C@@H](Cc2ccc(Cl)cc2)[C@]1(O)Cn1cncn1,25.0,ug.mL-1,CHEMBL612399,Botrytis cinerea,ug ml-1,333.16079006800004,3.587500000000002,4,1,5.0,0.0,74.8810140686449,-1.3979400086720377,-1.874371717159465,CC(C)[C@@H]1CC[C@@H](Cc2ccc(Cl)cc2)[C@]1(O)Cn1cncn1,<rdkit.Chem.rdchem.Mol object at 0x7e412df918c0>,3.587500000000002,50.94,0.5555555555555556,3,5,5,<rdkit.Chem.rdchem.Mol object at 0x7e4134c7a490>,0.9093470602793498,3.7068005893687648,Botrytis cinerea
228,CHEMBL2286106,CC(C)[C@@H]1CC[C@H](Cc2ccc(Cl)cc2)[C@@]1(O)Cn1cncn1,0.2,ug.mL-1,CHEMBL612399,Botrytis cinerea,ug ml-1,333.16079006800004,3.587500000000002,4,1,5.0,0.0,0.5990481125491594,0.6989700043360187,0.22253829584859147,CC(C)[C@@H]1CC[C@H](Cc2ccc(Cl)cc2)[C@@]1(O)Cn1cncn1,<rdkit.Chem.rdchem.Mol object at 0x7e412df91930>,3.587500000000002,50.94,0.5555555555555556,3,5,5,<rdkit.Chem.rdchem.Mol object at 0x7e4134c7a570>,0.9093470602793498,3.7068005893687648,Botrytis cinerea
229,CHEMBL2286110,CC(C)[C@H]1CC[C@@H](Cc2ccc(Cl)cc2)[C@]1(O)Cn1cncn1,25.0,ug.mL-1,CHEMBL612399,Botrytis cinerea,ug ml-1,333.16079006800004,3.587500000000002,4,1,5.0,0.0,74.8810140686449,-1.3979400086720377,-1.874371717159465,CC(C)[C@H]1CC[C@@H](Cc2ccc(Cl)cc2)[C@]1(O)Cn1cncn1,<rdkit.Chem.rdchem.Mol object at 0x7e412df919a0>,3.587500000000002,50.94,0.5555555555555556,3,5,5,<rdkit.Chem.rdchem.Mol object at 0x7e4134c7a650>,0.9093470602793498,3.7068005893687648,Botrytis cinerea
230,CHEMBL2287440,CCC[C@@H]1CC[C@H](Cc2ccc(Cl)cc2)[C@@]1(O)Cn1cncn1,1.6,ug.mL-1,CHEMBL612399,Botrytis cinerea,ug ml-1,333.16079006800004,3.731600000000003,4,1,6.0,0.0,4.792384900393275,-0.20411998265592482,-0.6805516911433521,CCC[C@@H]1CC[C@H](Cc2ccc(Cl)cc2)[C@@]1(O)Cn1cncn1,<rdkit.Chem.rdchem.Mol object at 0x7e412df91a10>,3.731600000000003,50.94,0.5555555555555556,3,5,6,<rdkit.Chem.rdchem.Mol object at 0x7e4134c7a730>,0.875879368419222,3.7501242364908727,Botrytis cinerea
231,CHEMBL2287439,CCC[C@H]1CC[C@@H](Cc2ccc(Cl)cc2)[C@]1(O)Cn1cncn1,50.0,ug.mL-1,CHEMBL612399,Botrytis cinerea,ug ml-1,333.16079006800004,3.731600000000003,4,1,6.0,0.0,149.7620281372898,-1.6989700043360187,-2.175401712823446,CCC[C@H]1CC[C@@H](Cc2ccc(Cl)cc2)[C@]1(O)Cn1cncn1,<rdkit.Chem.rdchem.Mol object at 0x7e412df91a80>,3.731600000000003,50.94,0.5555555555555556,3,5,6,<rdkit.Chem.rdchem.Mol object at 0x7e4134c7a810>,0.875879368419222,3.7501242364908727,Botrytis cinerea
232,CHEMBL2287438,CC[C@H]1CC[C@H](Cc2ccc(Cl)cc2)[C@@]1(O)Cn1cncn1,0.2,ug.mL-1,CHEMBL612399,Botrytis cinerea,ug ml-1,319.14514000400004,3.3415000000000017,4,1,5.0,0.0,0.6253204767443314,0.6989700043360187,0.2038973496793749,CC[C@H]1CC[C@H](Cc2ccc(Cl)cc2)[C@@]1(O)Cn1cncn1,<rdkit.Chem.rdchem.Mol object at 0x7e412df91af0>,3.3415000000000017,50.94,0.5294117647058824,3,5,5,<rdkit.Chem.rdchem.Mol object at 0x7e4134c7a8f0>,0.9192192766424265,3.7357009275969038,Botrytis cinerea
233,CHEMBL2287437,CC[C@@H]1CC[C@@H](Cc2ccc(Cl)cc2)[C@]1(O)Cn1cncn1,13.0,ug.mL-1,CHEMBL612399,Botrytis cinerea,ug ml-1,319.14514000400004,3.3415000000000017,4,1,5.0,0.0,40.64583098838155,-1.1139433523068367,-1.6090160069634807,CC[C@@H]1CC[C@@H](Cc2ccc(Cl)cc2)[C@]1(O)Cn1cncn1,<rdkit.Chem.rdchem.Mol object at 0x7e412df91b60>,3.3415000000000017,50.94,0.5294117647058824,3,5,5,<rdkit.Chem.rdchem.Mol object at 0x7e4134c7a9d0>,0.9192192766424265,3.7357009275969038,Botrytis cinerea
234,CHEMBL2287436,CC[C@@H]1CC[C@H](Cc2ccc(Cl)cc2)[C@@]1(O)Cn1cncn1,0.8,ug.mL-1,CHEMBL612399,Botrytis cinerea,ug ml-1,319.14514000400004,3.3415000000000017,4,1,5.0,0.0,2.5012819069773258,0.09691001300805639,-0.3981626416485875,CC[C@@H]1CC[C@H](Cc2ccc(Cl)cc2)[C@@]1(O)Cn1cncn1,<rdkit.Chem.rdchem.Mol object at 0x7e412df91bd0>,3.3415000000000017,50.94,0.5294117647058824,3,5,5,<rdkit.Chem.rdchem.Mol object at 0x7e4134c7aab0>,0.9192192766424265,3.7357009275969038,Botrytis cinerea
235,CHEMBL2287435,CC[C@H]1CC[C@@H](Cc2ccc(Cl)cc2)[C@]1(O)Cn1cncn1,25.0,ug.mL-1,CHEMBL612399,Botrytis cinerea,ug ml-1,319.14514000400004,3.3415000000000017,4,1,5.0,0.0,78.16505959304143,-1.3979400086720377,-1.8930126633286815,CC[C@H]1CC[C@@H](Cc2ccc(Cl)cc2)[C@]1(O)Cn1cncn1,<rdkit.Chem.rdchem.Mol object at 0x7e412df91c40>,3.3415000000000017,50.94,0.5294117647058824,3,5,5,<rdkit.Chem.rdchem.Mol object at 0x7e4134c7ab90>,0.9192192766424265,3.7357009275969038,Botrytis cinerea
236,CHEMBL2287434,C[C@@H]1CC[C@H](Cc2ccc(Cl)cc2)[C@@]1(O)Cn1cncn1,3.1,ug.mL-1,CHEMBL612399,Botrytis cinerea,ug ml-1,305.12948994000004,2.9514000000000005,4,1,4.0,0.0,10.137046326301713,-0.4913616938342727,-1.0059114312248763,C[C@@H]1CC[C@H](Cc2ccc(Cl)cc2)[C@@]1(O)Cn1cncn1,<rdkit.Chem.rdchem.Mol object at 0x7e412df91cb0>,2.9514000000000005,50.94,0.5,3,5,4,<rdkit.Chem.rdchem.Mol object at 0x7e4134c7ac70>,0.9445986809805251,3.663479762270887,Botrytis cinerea
237,CHEMBL2287433,C[C@H]1CC[C@@H](Cc2ccc(Cl)cc2)[C@]1(O)Cn1cncn1,100.0,ug.mL-1,CHEMBL612399,Botrytis cinerea,ug ml-1,305.12948994000004,2.9514000000000005,4,1,4.0,0.0,327.0014943968294,-2.0,-2.5145497373906034,C[C@H]1CC[C@@H](Cc2ccc(Cl)cc2)[C@]1(O)Cn1cncn1,<rdkit.Chem.rdchem.Mol object at 0x7e412df91d20>,2.9514000000000005,50.94,0.5,3,5,4,<rdkit.Chem.rdchem.Mol object at 0x7e4134c7ad50>,0.9445986809805251,3.663479762270887,Botrytis cinerea
238,CHEMBL2269721,O[C@]1(Cn2cncn2)CCC[C@@H]1Cc1ccc(Cl)cc1,3.1,ug.mL-1,CHEMBL612399,Botrytis cinerea,ug ml-1,291.113839876,2.705400000000001,4,1,4.0,0.0,10.62437024902153,-0.4913616938342727,-1.0263031970300733,O[C@]1(Cn2cncn2)CCC[C@@H]1Cc1ccc(Cl)cc1,<rdkit.Chem.rdchem.Mol object at 0x7e412df91d90>,2.705400000000001,50.94,0.4666666666666667,3,5,4,<rdkit.Chem.rdchem.Mol object at 0x7e4134c7ae30>,0.9421497890822668,3.3376688324303343,Botrytis cinerea
239,CHEMBL2287432,O[C@@]1(Cn2cncn2)CCC[C@H]1Cc1ccc(Cl)cc1,100.0,ug.mL-1,CHEMBL612399,Botrytis cinerea,ug ml-1,291.113839876,2.705400000000001,4,1,4.0,0.0,342.7216209361784,-2.0,-2.5349415031958005,O[C@@]1(Cn2cncn2)CCC[C@H]1Cc1ccc(Cl)cc1,<rdkit.Chem.rdchem.Mol object at 0x7e412df91e00>,2.705400000000001,50.94,0.4666666666666667,3,5,4,<rdkit.Chem.rdchem.Mol object at 0x7e4134c7af10>,0.9421497890822668,3.3376688324303343,Botrytis cinerea
240,CHEMBL1897483,CO/N=C(/C(=O)OC)c1ccccc1CO/N=C(\C)c1cccc(C(F)(F)F)c1,1.0,ug.mL-1,CHEMBL612399,Botrytis cinerea,mg/L,408.129691748,4.169700000000004,6,0,7.0,0.0,2.4487237251944283,-0.0,-0.3889397890480025,CO/N=C(/C(=O)OC)c1ccccc1CO/N=C(\C)c1cccc(C(F)(F)F)c1,<rdkit.Chem.rdchem.Mol object at 0x7e412df91e70>,4.169700000000004,69.48,0.25,2,9,7,<rdkit.Chem.rdchem.Mol object at 0x7e4134c7aff0>,0.39177774269480653,2.6291312676750724,Botrytis cinerea
243,CHEMBL2289418,CCNC(c1ccccc1-c1cn(-c2ccccc2)nc1-c1ccc(C)cc1)C(C)C,25.0,ug.mL-1,CHEMBL612399,Botrytis cinerea,ug ml-1,409.25179799200004,6.821320000000006,3,1,7.0,1.0,61.03858370953444,-1.3979400086720377,-1.785604448042009,CCNC(c1ccccc1-c1cn(-c2ccccc2)nc1-c1ccc(C)cc1)C(C)C,<rdkit.Chem.rdchem.Mol object at 0x7e412df91ee0>,6.821320000000006,29.85,0.25,4,3,7,<rdkit.Chem.rdchem.Mol object at 0x7e4134c7b0d0>,0.36277838492535935,2.7524551755589215,Botrytis cinerea
245,CHEMBL1088758,COc1cc(/C=C/C(=O)NCCCCNC(=O)/C=C/c2ccc(O)c(OC)c2)ccc1O,200.0,ug.mL-1,CHEMBL612399,Botrytis cinerea,ug ml-1,440.19473661599994,2.854200000000002,6,4,11.0,0.0,454.03363481166673,-2.3010299956639813,-2.6570880265840526,COc1cc(/C=C/C(=O)NCCCCNC(=O)/C=C/c2ccc(O)c(OC)c2)ccc1O,<rdkit.Chem.rdchem.Mol object at 0x7e412df91f50>,2.854200000000002,117.12000000000002,0.25,2,8,11,<rdkit.Chem.rdchem.Mol object at 0x7e4134c7b1b0>,0.315351014430508,2.3920663577805534,Botrytis cinerea
246,CHEMBL1883512,CC1(C)CCC(Cc2ccc(Cl)cc2)C1(O)Cn1cncn1,7.8,ug.mL-1,CHEMBL612399,Botrytis cinerea,ug ml-1,319.14514000400004,3.3415000000000017,4,1,4.0,0.0,24.387498593028926,-0.8920946026904804,-1.3871672573471243,CC1(C)CCC(Cc2ccc(Cl)cc2)C1(O)Cn1cncn1,<rdkit.Chem.rdchem.Mol object at 0x7e412df91fc0>,3.3415000000000017,50.94,0.5294117647058824,3,5,4,<rdkit.Chem.rdchem.Mol object at 0x7e4134c7b290>,0.9399670137011117,3.488699933200582,Botrytis cinerea
253,CHEMBL4474426,CC(C)=CCc1cccc2[nH]c3c(c12)C[C@@H]1CC[C@@]2(O)[C@@]45O[C@@H]4[C@H](O)[C@@H](C(C)(C)O)O[C@H]5CC[C@]2(C)[C@@]31C,6.25,ug.mL-1,CHEMBL612399,Botrytis cinerea,ug ml-1,521.3141234759998,4.4684000000000035,5,4,3.0,1.0,11.980111098758277,-0.7958800173440752,-1.0784608455452744,CC(C)=CCc1cccc2[nH]c3c(c12)C[C@@H]1CC[C@@]2(O)[C@@]45O[C@@H]4[C@H](O)[C@@H](C(C)(C)O)O[C@H]5CC[C@]2(C)[C@@]31C,<rdkit.Chem.rdchem.Mol object at 0x7e412df92030>,4.4684000000000035,98.24000000000001,0.6875,7,6,3,<rdkit.Chem.rdchem.Mol object at 0x7e4134c7b370>,0.35302082857565487,5.7247045323116765,Botrytis cinerea
254,CHEMBL75,CC(=O)N1CCN(c2ccc(OC[C@H]3CO[C@](Cn4ccnc4)(c4ccc(Cl)cc4Cl)O3)cc2)CC1,0.78,ug.mL-1,CHEMBL612399,Botrytis cinerea,ug ml-1,530.148760736,4.205800000000003,7,0,7.0,1.0,1.467710371819961,0.10790539730951959,-0.16664036325698733,CC(=O)N1CCN(c2ccc(OC[C@H]3CO[C@](Cn4ccnc4)(c4ccc(Cl)cc4Cl)O3)cc2)CC1,<rdkit.Chem.rdchem.Mol object at 0x7e412df920a0>,4.205800000000003,69.06,0.38461538461538464,5,10,7,<rdkit.Chem.rdchem.Mol object at 0x7e4137853920>,0.45541449702144693,3.4373369828621243,Botrytis cinerea
258,CHEMBL5179336,CC(C)=CCc1ccc2c3c([nH]c2c1)[C@@]1(C)[C@@H](CC[C@@]2(O)[C@@]45O[C@@H]4[C@H](O)[C@@H](C(C)(C)O)O[C@H]5CC[C@@]21C)C3,25.0,ug.mL-1,CHEMBL612399,Botrytis cinerea,ug ml-1,521.3141234759998,4.4684000000000035,5,4,3.0,1.0,47.92044439503312,-1.3979400086720377,-1.680520836873237,CC(C)=CCc1ccc2c3c([nH]c2c1)[C@@]1(C)[C@@H](CC[C@@]2(O)[C@@]45O[C@@H]4[C@H](O)[C@@H](C(C)(C)O)O[C@H]5CC[C@@]21C)C3,<rdkit.Chem.rdchem.Mol object at 0x7e412df92110>,4.4684000000000035,98.24000000000001,0.6875,7,6,3,<rdkit.Chem.rdchem.Mol object at 0x7e4137852c70>,0.35302082857565487,5.672960796047941,Botrytis cinerea
266,CHEMBL5267986,C=CC1OC1(C)CC(C)/C(C)=C/C=C(C)\C=C(OC)\C(=C/C(=O)OC)OC,3.1,ug.mL-1,CHEMBL612399,Botrytis cinerea,ug ml-1,376.2249741239999,4.482300000000004,5,0,10.0,0.0,8.233884826543918,-0.4913616938342727,-0.9156047879048163,C=CC1OC1(C)CC(C)/C(C)=C/C=C(C)\C=C(OC)\C(=C/C(=O)OC)OC,<rdkit.Chem.rdchem.Mol object at 0x7e412df92180>,4.482300000000004,57.290000000000006,0.5,1,5,10,<rdkit.Chem.rdchem.Mol object at 0x7e4137852730>,0.1404643754939498,4.790528257522892,Botrytis cinerea
267,CHEMBL2289503,C[C@@H]1CCC/C=C/C=C/[C@H](O)C[C@@H](O)C[C@@H]2O[C@@H]2/C=C/[C@@H](O)C/C=C/C=C\C(=O)O1,0.02,ug.mL-1,CHEMBL612399,Botrytis cinerea,ug ml-1,418.2355388079999,2.9034000000000013,6,3,0.0,0.0,0.0477862996678852,1.6989700043360187,1.320696597770426,C[C@@H]1CCC/C=C/C=C/[C@H](O)C[C@@H](O)C[C@@H]2O[C@@H]2/C=C/[C@@H](O)C/C=C/C=C\C(=O)O1,<rdkit.Chem.rdchem.Mol object at 0x7e412df921f0>,2.9034000000000013,99.52,0.5416666666666666,2,6,0,<rdkit.Chem.rdchem.Mol object at 0x7e4137853140>,0.31779617155982004,5.20972389209358,Botrytis cinerea
268,CHEMBL503476,C[C@@H]1CCC/C=C/CCC(=O)C[C@@H](O)C/C=C\C=C\[C@@H](O)C/C=C/C=C\C(=O)O1,0.02,ug.mL-1,CHEMBL612399,Botrytis cinerea,ug ml-1,402.2406241879999,4.124400000000003,5,2,0.0,0.0,0.04968561427567068,1.6989700043360187,1.3037693365194336,C[C@@H]1CCC/C=C/CCC(=O)C[C@@H](O)C/C=C\C=C\[C@@H](O)C/C=C/C=C\C(=O)O1,<rdkit.Chem.rdchem.Mol object at 0x7e412df92260>,4.124400000000003,83.83,0.5,1,5,0,<rdkit.Chem.rdchem.Mol object at 0x7e4137853d80>,0.47022724355586953,4.724593271239902,Botrytis cinerea
271,CHEMBL5267834,C[C@@H]1CCCCC/C=C/[C@H](O)C[C@@H](O)C/C=C\C=C\[C@@H](O)C/C=C/C=C\C(=O)O1,0.02,ug.mL-1,CHEMBL612399,Botrytis cinerea,ug ml-1,404.2562742519999,3.9162000000000035,5,3,0.0,0.0,0.04943801338287021,1.6989700043360187,1.3059389892580715,C[C@@H]1CCCCC/C=C/[C@H](O)C[C@@H](O)C/C=C\C=C\[C@@H](O)C/C=C/C=C\C(=O)O1,<rdkit.Chem.rdchem.Mol object at 0x7e412df922d0>,3.9162000000000035,86.99,0.5416666666666666,1,5,0,<rdkit.Chem.rdchem.Mol object at 0x7e41378535a0>,0.42078964495596094,4.804225897130982,Botrytis cinerea
273,CHEMBL5279385,CO[C@H]1/C=C/C=C/CCC[C@@H](C)OC(=O)/C=C\C=C\C[C@H](O[C@@H]2O[C@@H](CO)[C@@H](O)[C@H](O)[C@H]2O)/C=C/C=C\C[C@H](O)C1,0.02,ug.mL-1,CHEMBL612399,Botrytis cinerea,ug ml-1,578.3090976719999,2.1704999999999997,10,5,4.0,1.0,0.03456028090596319,1.6989700043360187,1.4614227362332497,CO[C@H]1/C=C/C=C/CCC[C@@H](C)OC(=O)/C=C\C=C\C[C@H](O[C@@H]2O[C@@H](CO)[C@@H](O)[C@H](O)[C@H]2O)/C=C/C=C\C[C@H](O)C1,<rdkit.Chem.rdchem.Mol object at 0x7e412df92340>,2.1704999999999997,155.14000000000001,0.5806451612903226,2,10,4,<rdkit.Chem.rdchem.Mol object at 0x7e41378528f0>,0.3135736717425068,5.631545746339326,Botrytis cinerea
